feature	median_LC	median_HC	delta_LC_minus_HC	p	q
METH-ACETATE-PWY: methanogenesis from acetate	190.2733404	3659.531559	-3469.2582186	1.4520242232281426e-15	6.998756755959647e-13
PWY0-1241: ADP-L-glycero-&beta;-D-manno-heptose biosynthesis	2174.617929	535.3451096	1639.2728194000001	1.131672001268281e-11	2.727329523056557e-09
ASPASN-PWY: superpathway of L-aspartate and L-asparagine biosynthesis	18285.5307	9075.21136	9210.31934	2.7546971276848647e-11	3.319410038860262e-09
PWY-1269: CMP-3-deoxy-D-manno-octulosonate biosynthesis	11499.31561	2430.632166	9068.683444	2.1764316292896698e-11	3.319410038860262e-09
PWY-7384: anaerobic energy metabolism (invertebrates, mitochondrial)	725.54366	27.56318723	697.98047277	4.909676030713553e-11	4.732927693607865e-09
PWY-6147: 6-hydroxymethyl-dihydropterin diphosphate biosynthesis I	16196.54999	5787.574148	10408.975842	7.839139498918956e-11	5.397807483541339e-09
PWY-7539: 6-hydroxymethyl-dihydropterin diphosphate biosynthesis III (Chlamydia)	15963.99963	5816.061866	10147.937764	7.839139498918956e-11	5.397807483541339e-09
PWY-6863: pyruvate fermentation to hexanol (engineered)	273.3473937	1808.062255	-1534.7148613	9.272762631493152e-11	5.586839485474624e-09
PWY-5083: NAD(P)/NADPH interconversion	788.3023702	15.16581295	773.13655725	6.52055159204222e-10	3.4921176304048335e-08
PWY-5695: inosine 5,-phosphate degradation	26140.44649	17979.25352	8161.19297	9.656261226175715e-10	4.654317911016695e-08
PWY-5973: cis-vaccenate biosynthesis	22469.32736	9713.181288	12756.146072	1.3346552947060637e-09	5.848216836802934e-08
PWY-7663: gondoate biosynthesis (anaerobic)	21298.18437	8857.210025	12440.974344999999	1.8398837725106424e-09	6.821722910385613e-08
RIBOSYN2-PWY: flavin biosynthesis I (bacteria and plants)	21918.58991	14763.25552	7155.334389999998	1.8398837725106424e-09	6.821722910385613e-08
PWY-6277: superpathway of 5-aminoimidazole ribonucleotide biosynthesis	24896.42113	19503.73919	5392.681939999999	2.2756497791192507e-09	7.312421290236526e-08
PWY-6122: 5-aminoimidazole ribonucleotide biosynthesis II	24896.42113	19503.73919	5392.681939999999	2.2756497791192507e-09	7.312421290236526e-08
HEME-BIOSYNTHESIS-II: heme b biosynthesis I (aerobic)	1134.602998	227.0468825	907.5561155	2.9633837774322387e-09	7.51763674064389e-08
PWY-5897: superpathway of menaquinol-11 biosynthesis	3626.863498	791.1882262	2835.6752718000002	2.9628783716681995e-09	7.51763674064389e-08
PWY-5898: superpathway of menaquinol-12 biosynthesis	3626.863498	791.1882262	2835.6752718000002	2.9628783716681995e-09	7.51763674064389e-08
PWY-5899: superpathway of menaquinol-13 biosynthesis	3626.863498	791.1882262	2835.6752718000002	2.9628783716681995e-09	7.51763674064389e-08
PWY-7199: pyrimidine deoxyribonucleosides salvage	19879.98679	11981.88881	7898.097979999999	3.1234141305708006e-09	7.52742805467563e-08
P122-PWY: heterolactic fermentation	547.3016178	19.38617922	527.91543858	4.770794569936852e-09	1.0950109441474109e-07
PWY-5838: superpathway of menaquinol-8 biosynthesis I	3797.280026	759.3851972	3037.8948288	6.8138516012599074e-09	1.4928529417305797e-07
PWY-6703: preQ0 biosynthesis	17839.1032	8909.918573	8929.184627	7.1746329844476175e-09	1.5035535210885875e-07
PWY0-1415: superpathway of heme b biosynthesis from uroporphyrinogen-III	844.5016014	83.89313254	760.60846886	7.990344856907002e-09	1.6047275920954895e-07
PWY-5837: 2-carboxy-1,4-naphthoquinol biosynthesis	1428.334207	290.9263476	1137.4078594000002	8.805608217690906e-09	1.6977212643708065e-07
PWY-5861: superpathway of demethylmenaquinol-8 biosynthesis I	2723.474293	541.2796948	2182.1945982	1.0261258164003435e-08	1.9022793980960213e-07
HISDEG-PWY: L-histidine degradation I	11471.86967	2442.488139	9029.381530999999	1.1951609171882441e-08	2.1335835632767913e-07
PWY-7389: superpathway of anaerobic energy metabolism (invertebrates)	415.6266083	14.63632956	400.99027874	1.4411533788900284e-08	2.48084260223212e-07
LACTOSECAT-PWY: lactose and galactose degradation I	490.6780068	3082.43435	-2591.7563432	1.5381157875950895e-08	2.5564545159339074e-07
PWY-1861: formaldehyde assimilation II (assimilatory RuMP Cycle)	213.2203218	2227.699449	-2014.4791272000002	2.513513363630071e-08	4.0383781375656475e-07
PWY-6700: queuosine biosynthesis I (de novo)	24603.73848	18978.35622	5625.3822599999985	2.7986761827607095e-08	4.3514900648085867e-07
NAGLIPASYN-PWY: lipid IVA biosynthesis (E. coli)	6431.165158	1594.843051	4836.322107	4.354084772627377e-08	6.558340188769986e-07
PWY-5845: superpathway of menaquinol-9 biosynthesis	2412.16275	409.7490661	2002.4136839	5.273934068060514e-08	7.703140063045963e-07
PWY-5304: superpathway of sulfur oxidation (Acidianus ambivalens)	76.79205554	1410.76195	-1333.96989446	6.946990833799673e-08	9.703470115555477e-07
PWY-5862: superpathway of demethylmenaquinol-9 biosynthesis	1674.730666	281.5207332	1393.2099328	7.046088258183438e-08	9.703470115555477e-07
FASYN-ELONG-PWY: fatty acid elongation -- saturated	11680.22156	3528.104902	8152.116658	7.413646919824789e-08	9.926049487098746e-07
PWY0-166: superpathway of pyrimidine deoxyribonucleotides de novo biosynthesis (E. coli)	1342.530513	109.1924912	1233.3380218	8.220159588373115e-08	1.0708424112421195e-06
PWY-7664: oleate biosynthesis IV (anaerobic)	10942.49537	3294.993429	7647.501941	1.1384416487838895e-07	1.4440233545100916e-06
PWY-6519: 8-amino-7-oxononanoate biosynthesis I	9995.28596	2997.289104	6997.996856	1.374940506655311e-07	1.6992854466868202e-06
DENOVOPURINE2-PWY: superpathway of purine nucleotides de novo biosynthesis II	1559.786661	0.0	1559.786661	1.5209568269461487e-07	1.7048864897396366e-06
P124-PWY: Bifidobacterium shunt	427.6793442	4546.509397	-4118.8300528	1.5083345999373353e-07	1.7048864897396366e-06
PWY66-389: phytol degradation	338.5405609	1.416549233	337.124011667	1.4525442133719148e-07	1.7048864897396366e-06
PWY-6282: palmitoleate biosynthesis I (from (5Z)-dodec-5-enoate)	10106.05791	3004.946344	7101.111566	1.44111492613963e-07	1.7048864897396366e-06
PWY-7187: pyrimidine deoxyribonucleotides de novo biosynthesis II	536.3540062	0.0	536.3540062	1.6744295016937748e-07	1.834261408673635e-06
PWY0-862: (5Z)-dodecenoate biosynthesis I	9933.409479	3241.289013	6692.120466	1.8209619005319604e-07	1.950452524569789e-06
BIOTIN-BIOSYNTHESIS-PWY: biotin biosynthesis I	10966.43942	3425.409552	7541.0298680000005	2.2967717803120918e-07	2.4066173871965833e-06
PWY-5840: superpathway of menaquinol-7 biosynthesis	1979.643969	461.6870633	1517.9569056999999	2.4583575104448064e-07	2.5211240851795675e-06
PWY-6897: thiamine diphosphate salvage II	14042.02914	10347.60819	3694.4209499999997	2.8916778933624795e-07	2.90372655125149e-06
GLYCOGENSYNTH-PWY: glycogen biosynthesis I (from ADP-D-Glucose)	9218.724247	17196.28716	-7977.562913	3.0273467705512896e-07	2.977920700828003e-06
REDCITCYC: TCA cycle VI (Helicobacter)	279.0700317	54.21467019	224.85536151000002	3.166629771146156e-07	3.0526310993848944e-06
PYRIDNUCSYN-PWY: NAD de novo biosynthesis I (from aspartate)	17767.34784	12302.10824	5465.239599999999	3.6341046233910935e-07	3.4345851538715824e-06
PWY-6385: peptidoglycan biosynthesis III (mycobacteria)	26081.43992	21166.05795	4915.381970000002	4.558907047979202e-07	4.142286677648289e-06
PWY-5989: stearate biosynthesis II (bacteria and plants)	9949.73454	3232.124695	6717.609844999999	4.558907047979202e-07	4.142286677648289e-06
PWY-5723: Rubisco shunt	1023.733059	56.55993745	967.17312155	4.6407361118881245e-07	4.142286677648289e-06
PWY-5173	923.4777507	171.4977259	751.9800248	4.986684035333114e-07	4.3701485546010195e-06
PWY-6470: peptidoglycan biosynthesis V (&beta;-lactam resistance)	1856.596855	5043.047258	-3186.450403	5.458420745124766e-07	4.698140712768102e-06
HEMESYN2-PWY: heme b biosynthesis II (oxygen-independent)	1517.053001	473.7480862	1043.3049148	5.970106579654055e-07	5.048405914725008e-06
PWY-6471: peptidoglycan biosynthesis IV (Enterococcus faecium)	2791.06067	9088.445576	-6297.384906	6.825267706259506e-07	5.577345638459618e-06
PRPP-PWY: superpathway of histidine, purine, and pyrimidine biosynthesis	1382.726809	0.0	1382.726809	6.827041341682935e-07	5.577345638459618e-06
PWY-5030: L-histidine degradation III	8928.936863	2426.356813	6502.5800500000005	7.13569429591016e-07	5.732341084381162e-06
PWY-5920: superpathway of heme b biosynthesis from glycine	481.922989	18.72848945	463.19449955	8.505958274370183e-07	6.721101456141686e-06
PWY-7184: pyrimidine deoxyribonucleotides de novo biosynthesis I	1647.11882	274.7393623	1372.3794576999999	9.699609623530796e-07	7.540664255712651e-06
PWY-3781: aerobic respiration I (cytochrome c)	13.13906991	0.0	13.13906991	1.0704445023142046e-06	8.189750001832485e-06
PWY-5747: 2-methylcitrate cycle II	146.8891963	6.209214074	140.67998222600002	1.12601554866086e-06	8.480304600852101e-06
PWY-5918: superpathway of heme b biosynthesis from glutamate	1200.145743	203.8379069	996.3078361	1.2051355199613994e-06	8.9365433941753e-06
PWY-7254: TCA cycle VII (acetate-producers)	932.0362696	82.4362085	849.6000611	1.2255698052476451e-06	8.9503734262025e-06
PWY-6803: phosphatidylcholine acyl editing	590.5224288	25.46296802	565.05946078	1.380922890770481e-06	9.934400497781669e-06
PWY-7229: superpathway of adenosine nucleotides de novo biosynthesis I	22284.74484	11848.31873	10436.426109999999	1.7107773916037209e-06	1.2126392687544022e-05
PWY-6545: pyrimidine deoxyribonucleotides de novo biosynthesis III	1554.35276	274.4139567	1279.9388033	1.78188659884324e-06	1.2447381748441184e-05
PWY0-1338: polymyxin resistance	292.8521203	0.0	292.8521203	1.8099296768994506e-06	1.2462658632364788e-05
P23-PWY: reductive TCA cycle I	247.8053317	0.0	247.8053317	1.9417586110616404e-06	1.3182079584953672e-05
PANTO-PWY: phosphopantothenate biosynthesis I	19982.87597	13765.97691	6216.899060000002	2.1192301712474093e-06	1.3992725240291112e-05
PWY-6126: superpathway of adenosine nucleotides de novo biosynthesis II	17501.90032	9093.58538	8408.31494	2.1192301712474093e-06	1.3992725240291112e-05
PWY-6590: superpathway of Clostridium acetobutylicum acidogenic fermentation	721.3758629	1943.557176	-1222.1813131	2.211471337161026e-06	1.4404448439346142e-05
PWY-7220: adenosine deoxyribonucleotides de novo biosynthesis II	11477.50804	5052.645216	6424.862824000001	2.307561386708618e-06	1.4634797215704658e-05
PWY-7222: guanosine deoxyribonucleotides de novo biosynthesis II	11477.50804	5052.645216	6424.862824000001	2.307561386708618e-06	1.4634797215704658e-05
PWY-6125: superpathway of guanosine nucleotides de novo biosynthesis II	14414.85381	6944.059698	7470.7941120000005	2.4076534527442006e-06	1.4689733724338032e-05
PWY-7228: superpathway of guanosine nucleotides de novo biosynthesis I	16301.092	7935.638502	8365.453498	2.4076534527442006e-06	1.4689733724338032e-05
PWY-5100: pyruvate fermentation to acetate and lactate II	5566.957041	12657.50097	-7090.5439289999995	2.4076534527442006e-06	1.4689733724338032e-05
CENTFERM-PWY: pyruvate fermentation to butanoate	573.2227343	1579.554817	-1006.3320827	2.511906436402279e-06	1.5134236279323729e-05
PYRIDOXSYN-PWY: pyridoxal 5,-phosphate biosynthesis I	9680.823979	2492.222772	7188.601207000001	2.6204852108159922e-06	1.559341995313488e-05
FAO-PWY: fatty acid &beta;-oxidation I (generic)	646.6939391	11.28876632	635.4051727799999	2.652822481653652e-06	1.559341995313488e-05
PWY-5104: L-isoleucine biosynthesis IV	8452.842645	2355.034191	6097.808454	2.9739190557551267e-06	1.727022873342134e-05
PWY-2942: L-lysine biosynthesis III	23253.19362	17225.72943	6027.464189999999	3.234481632512234e-06	1.8559763653224962e-05
DENITRIFICATION-PWY: nitrate reduction I (denitrification)	20.86815988	0.0	20.86815988	3.5146256761694296e-06	1.9774523917035438e-05
PWY-5675: nitrate reduction V (assimilatory)	536.1896328	25.54390062	510.64573218000004	3.5282345578113024e-06	1.9774523917035438e-05
RHAMCAT-PWY: L-rhamnose degradation I	11001.35144	6410.334559	4591.0168810000005	4.329983859291271e-06	2.3989105979061986e-05
UNINTEGRATED	40307325.9	27889814.93	12417510.969999999	4.512933071390178e-06	2.4718565231932564e-05
PWY-7221: guanosine ribonucleotides de novo biosynthesis	26683.13738	22007.72198	4675.415400000002	4.703274544290521e-06	2.547166663312394e-05
PWY-5392: reductive TCA cycle II	65.61588693	0.0	65.61588693	4.980573278201746e-06	2.6673736889924907e-05
KDO-NAGLIPASYN-PWY: superpathway of (Kdo)2-lipid A biosynthesis	145.4114139	0.0	145.4114139	5.439578129401838e-06	2.8811831410677865e-05
AST-PWY: L-arginine degradation II (AST pathway)	198.6735614	0.0	198.6735614	6.493428212504953e-06	3.401991737421073e-05
GLYCOLYSIS-TCA-GLYOX-BYPASS: superpathway of glycolysis, pyruvate dehydrogenase, TCA, and glyoxylate bypass	1506.383943	110.2056179	1396.1783251000002	6.852568296390117e-06	3.476776756694775e-05
PWY-7388: octanoyl-[acyl-carrier protein] biosynthesis (mitochondria, yeast)	11023.55673	4206.418871	6817.137859	6.799404765427472e-06	3.476776756694775e-05
PANTOSYN-PWY: superpathway of coenzyme A biosynthesis I (bacteria)	21514.7057	14952.00179	6562.703909999998	6.799404765427472e-06	3.476776756694775e-05
PWY-7094: fatty acid salvage	172.8031698	0.0	172.8031698	7.758807428574936e-06	3.895567896430332e-05
GLYOXYLATE-BYPASS: glyoxylate cycle	702.1463119	45.35712901	656.78918289	7.996700681702003e-06	3.973618276886975e-05
TCA-GLYOX-BYPASS: superpathway of glyoxylate bypass and TCA	1086.630552	55.5859586	1031.0445934000002	8.39721886857443e-06	4.130060708829465e-05
UBISYN-PWY: superpathway of ubiquinol-8 biosynthesis (early decarboxylation)	148.6991172	0.0	148.6991172	8.512897790140476e-06	4.14466336853304e-05
PWY-6708: ubiquinol-8 biosynthesis (early decarboxylation)	136.6742182	0.0	136.6742182	9.632754367839456e-06	4.642987605298618e-05
PWY0-845: superpathway of pyridoxal 5,-phosphate biosynthesis and salvage	11271.50992	3115.412751	8156.097169000001	1.0584920881194153e-05	4.953331907510273e-05
PWY-6285: superpathway of fatty acids biosynthesis (E. coli)	1442.35387	328.8439318	1113.5099381999999	1.0496247989260487e-05	4.953331907510273e-05
P105-PWY: TCA cycle IV (2-oxoglutarate decarboxylase)	1111.658832	55.97996596	1055.67886604	1.0548152680881238e-05	4.953331907510273e-05
GALACTARDEG-PWY: D-galactarate degradation I	789.0132548	160.5427413	628.4705135	1.1198455086708848e-05	5.092127690371382e-05
GLUCARGALACTSUPER-PWY: superpathway of D-glucarate and D-galactarate degradation	789.0132548	160.5427413	628.4705135	1.1198455086708848e-05	5.092127690371382e-05
DTDPRHAMSYN-PWY: dTDP-&beta;-L-rhamnose biosynthesis	30065.03919	22313.74797	7751.291219999999	1.1014764230662811e-05	5.092127690371382e-05
PWY-5857: ubiquinol-10 biosynthesis (early decarboxylation)	136.6742182	0.0	136.6742182	1.1818157645226877e-05	5.178228029161125e-05
1CMET2-PWY: folate transformations III (E. coli)	23315.25518	17205.14216	6110.113020000001	1.1924964963420848e-05	5.178228029161125e-05
PWY-5856: ubiquinol-9 biosynthesis (early decarboxylation)	136.6742182	0.0	136.6742182	1.1818157645226877e-05	5.178228029161125e-05
PWY-6387: UDP-N-acetylmuramoyl-pentapeptide biosynthesis I (meso-diaminopimelate containing)	26151.38598	22196.0184	3955.3675799999983	1.1924964963420848e-05	5.178228029161125e-05
PWY-5855: ubiquinol-7 biosynthesis (early decarboxylation)	136.6742182	0.0	136.6742182	1.1818157645226877e-05	5.178228029161125e-05
ECASYN-PWY: enterobacterial common antigen biosynthesis	193.3848094	0.0	193.3848094	1.8318245172077013e-05	7.883387654411715e-05
PWY-3841: folate transformations II (plants)	24296.81128	18873.87785	5422.933430000001	2.1434358575307113e-05	9.113440439734029e-05
GLYCOL-GLYOXDEG-PWY: superpathway of glycol metabolism and degradation	73.12180871	0.0	73.12180871	2.1554610168665547e-05	9.113440439734029e-05
PWY-841: superpathway of purine nucleotides de novo biosynthesis I	17305.63022	10404.78781	6900.842409999999	2.2276094882378374e-05	9.256101494229635e-05
TRNA-CHARGING-PWY: tRNA charging	24877.69054	20758.06471	4119.625830000001	2.2276094882378374e-05	9.256101494229635e-05
PWY-5896: superpathway of menaquinol-10 biosynthesis	1003.290288	142.2455949	861.0446931	2.3106927987883506e-05	9.438592618779533e-05
PWY-5850: superpathway of menaquinol-6 biosynthesis	1003.290288	142.2455949	861.0446931	2.3106927987883506e-05	9.438592618779533e-05
PEPTIDOGLYCANSYN-PWY: peptidoglycan biosynthesis I (meso-diaminopimelate containing)	25481.13053	21859.68981	3621.4407199999987	2.4054877514311327e-05	9.662042468248383e-05
P42-PWY: incomplete reductive TCA cycle	1122.246474	518.5682389	603.6782351	2.4054877514311327e-05	9.662042468248383e-05
PWY-6748: nitrate reduction VII (denitrification)	0.0	0.0	0.0	2.6055944408746326e-05	0.00010294233774603056
PWY-5860: superpathway of demethylmenaquinol-6 biosynthesis I	684.6604384	95.34037314	589.32006526	2.595823255051947e-05	0.00010294233774603056
PWY0-42: 2-methylcitrate cycle I	109.1051989	0.0	109.1051989	2.7325410843469874e-05	0.00010708006525652422
PWY-5791	325.118078	42.27631269	282.84176531	3.0283597245582818e-05	0.0001177152731642816
PWY-5863: superpathway of phylloquinol biosynthesis	352.2598731	48.17160175	304.08827135	3.146742008857842e-05	0.0001213383718615584
NAD-BIOSYNTHESIS-II: NAD salvage pathway III (to nicotinamide riboside)	2980.6291	870.6878446	2109.9412554	3.516632340932007e-05	0.00013452514193089106
PWY0-1061: superpathway of L-alanine biosynthesis	199.7676948	16.94130589	182.82638891	3.994025095147572e-05	0.00015158425951662438
PWY-6527: stachyose degradation	7110.168693	12660.84461	-5550.6759170000005	4.4020389109887894e-05	0.0001657642777419216
PWY-7196: superpathway of pyrimidine ribonucleosides salvage	99.34548768	1157.799184	-1058.45369632	5.216723069735127e-05	0.0001949194201249869
GLUTORN-PWY: L-ornithine biosynthesis I	9657.803181	16333.18509	-6675.3819090000015	5.2971810828364437e-05	0.00019640317553285892
PWY-5971: palmitate biosynthesis (type II fatty acid synthase)	6543.592379	3257.193542	3286.3988369999997	5.4709042948512416e-05	0.0002012958679479617
P163-PWY: L-lysine fermentation to acetate and butanoate	0.0	0.0	0.0	5.51730057786952e-05	0.00020146506655553854
PWY-7269: mitochondrial NADPH production (yeast)	138.527609	0.0	138.527609	5.598280898365401e-05	0.00020288506714376866
P161-PWY: acetylene degradation (anaerobic)	1133.854083	304.2673935	829.5866894999999	6.134810839452993e-05	0.00022067006153853304
PWY-7282: 4-amino-2-methyl-5-diphosphomethylpyrimidine biosynthesis II	10183.86159	5801.730277	4382.131313000001	6.363016200737308e-05	0.00022718324509299128
KETOGLUCONMET-PWY: ketogluconate metabolism	312.0022503	34.58957459	277.41267571000003	6.629386350874004e-05	0.0002315481319653094
PWY-6123: inosine-5,-phosphate biosynthesis I	21955.36567	14382.14056	7573.225109999999	6.599241125718297e-05	0.0002315481319653094
P108-PWY: pyruvate fermentation to propanoate I	1157.28366	646.5270977	510.75656230000004	6.599241125718297e-05	0.0002315481319653094
PWY-6690: cinnamate and 3-hydroxycinnamate degradation to 2-hydroxypentadienoate	257.8370887	0.0	257.8370887	6.983825633378955e-05	0.0002404431396634755
HCAMHPDEG-PWY: 3-phenylpropanoate and 3-(3-hydroxyphenyl)propanoate degradation to 2-hydroxypentadienoate	257.8370887	0.0	257.8370887	6.983825633378955e-05	0.0002404431396634755
GLUCARDEG-PWY: D-glucarate degradation I	476.6949233	105.7691658	370.92575750000003	7.47256691527503e-05	0.0002554451952597563
PWY-4702: phytate degradation I	299.9041748	23.50416819	276.40000661	7.536049097547631e-05	0.00025580110317027874
PWY-6124: inosine-5,-phosphate biosynthesis II	21252.93785	13553.77859	7699.1592599999985	9.132374976945279e-05	0.00030212870284255177
PWY-5656: mannosylglycerate biosynthesis I	186.7529189	8.41198448	178.34093442	9.151616310168581e-05	0.00030212870284255177
VALSYN-PWY: L-valine biosynthesis	28794.74603	22559.0346	6235.711429999999	9.132374976945279e-05	0.00030212870284255177
ILEUSYN-PWY: L-isoleucine biosynthesis I (from threonine)	28794.74603	22559.0346	6235.711429999999	9.132374976945279e-05	0.00030212870284255177
PWY0-1277: 3-phenylpropanoate and 3-(3-hydroxyphenyl)propanoate degradation	337.5005371	0.0	337.5005371	9.402969053181206e-05	0.00030413185837705153
PWY0-1586: peptidoglycan maturation (meso-diaminopimelate containing)	25322.47213	18687.82521	6634.646919999999	9.46468438932733e-05	0.00030413185837705153
ARGSYNBSUB-PWY: L-arginine biosynthesis II (acetyl cycle)	10635.42881	18304.59452	-7669.165709999999	9.46468438932733e-05	0.00030413185837705153
PWY-7209: superpathway of pyrimidine ribonucleosides degradation	110.3985705	805.7305587	-695.3319882	9.307164585609723e-05	0.00030413185837705153
P221-PWY: octane oxidation	74.8429319	0.0	74.8429319	0.00011223716206042333	0.00035826696763658304
GLYCOLYSIS-E-D: superpathway of glycolysis and the Entner-Doudoroff pathway	5054.037487	3154.100915	1899.9365719999996	0.00011710982599073919	0.0003713614218916861
PWY66-422	7847.883167	12613.84741	-4765.964243	0.00012131096312866343	0.0003821691779608874
PWY4LZ-257: superpathway of fermentation (Chlamydomonas reinhardtii)	985.7084819	373.720632	611.9878499	0.0001256539006993862	0.0003882383342122061
PWY0-1261: anhydromuropeptides recycling I	8183.779871	5048.632119	3135.147752	0.0001256539006993862	0.0003882383342122061
PWY-6823: molybdopterin biosynthesis	131.9815092	0.0	131.9815092	0.00012555125472579737	0.0003882383342122061
PWY-7208: superpathway of pyrimidine nucleobases salvage	11030.65052	6296.453983	4734.196536999999	0.00013478310996547225	0.00041379273250546255
PWY-7204: pyridoxal 5,-phosphate salvage II (plants)	336.416254	3.333436693	333.08281730699997	0.00013981705741897258	0.00042653051693635933
PWY-7279: aerobic respiration II (cytochrome c) (yeast)	0.0	0.0	0.0	0.00014195953225379888	0.00043034273299579287
PWY-5189: tetrapyrrole biosynthesis II (from glycine)	590.1913575	169.1269557	421.0644018	0.00016540376081787073	0.0004940917282530316
ARGININE-SYN4-PWY: L-ornithine biosynthesis II	11531.69701	4692.657475	6839.039535	0.00016606402484852927	0.0004940917282530316
RUMP-PWY: formaldehyde oxidation I	0.0	79.52109461	-79.52109461	0.00016559084731529873	0.0004940917282530316
PWY-7400: L-arginine biosynthesis IV (archaebacteria)	11288.50217	18758.57387	-7470.0717	0.00017792744200606806	0.0005197638002843927
ARGSYN-PWY: L-arginine biosynthesis I (via L-ornithine)	11214.6677	18712.09032	-7497.422619999999	0.00017792744200606806	0.0005197638002843927
PWY-821: superpathway of sulfur amino acid biosynthesis (Saccharomyces cerevisiae)	250.4398491	41.07739718	209.36245192	0.0001769179593807665	0.0005197638002843927
PWY-7111: pyruvate fermentation to isobutanol (engineered)	28794.74603	22559.0346	6235.711429999999	0.00019722571629270094	0.0005692382949286338
HISTSYN-PWY: L-histidine biosynthesis	22509.22701	17962.22453	4547.002479999999	0.00019722571629270094	0.0005692382949286338
BRANCHED-CHAIN-AA-SYN-PWY: superpathway of branched chain amino acid biosynthesis	22629.58124	19105.80751	3523.773730000001	0.00021116586203118285	0.0006058449136847032
PWY-6168: flavin biosynthesis III (fungi)	16225.07159	11755.75542	4469.31617	0.00022602739274238097	0.0006446461733835954
PWY-5686: UMP biosynthesis I	25639.53443	23243.37066	2396.163769999999	0.00023382111238716373	0.0006629516245330172
METHGLYUT-PWY: superpathway of methylglyoxal degradation	1183.075868	281.8416665	901.2342014999999	0.00026758855975999793	0.0007498702663041802
SO4ASSIM-PWY: assimilatory sulfate reduction I	2482.412474	686.6656191	1795.7468549000002	0.00026758855975999793	0.0007498702663041802
PWY-622: starch biosynthesis	434.8249848	1972.212564	-1537.3875792	0.0003192293140829206	0.0008894134646703338
GLUDEG-I-PWY: GABA shunt	929.2867206	269.0176636	660.269057	0.0003729673699561915	0.001033162484591289
LPSSYN-PWY: superpathway of lipopolysaccharide biosynthesis	77.6436345	0.0	77.6436345	0.0004031830967079777	0.0011041718898479845
ORNDEG-PWY: superpathway of ornithine degradation	867.1743202	69.14094223	798.0333779700001	0.00040119947532476786	0.0011041718898479845
PWY0-1296: purine ribonucleosides degradation	9602.942932	15169.65079	-5566.707858	0.000411603644118731	0.0011208641608204991
PWY-6318: L-phenylalanine degradation IV (mammalian, via side chain)	7.244918495	0.0	7.244918495	0.00043593003525363157	0.0011804397583834293
PWY-7211: superpathway of pyrimidine deoxyribonucleotides de novo biosynthesis	1299.527192	520.3713626	779.1558294	0.00048360973866366005	0.0013022340448932074
PWY-5497: purine nucleobases degradation II (anaerobic)	1947.999548	754.0443505	1193.9551975	0.0005000597693793828	0.0013390489380047917
ARGDEG-PWY: superpathway of L-arginine, putrescine, and 4-aminobutanoate degradation	219.7701846	0.0	219.7701846	0.0005077636145352566	0.001344736605527438
ORNARGDEG-PWY: superpathway of L-arginine and L-ornithine degradation	219.7701846	0.0	219.7701846	0.0005077636145352566	0.001344736605527438
PWY-7294: D-xylose degradation IV	0.0	0.0	0.0	0.0005174633081391989	0.001355528883277684
POLYISOPRENSYN-PWY: polyisoprenoid biosynthesis (E. coli)	4176.24165	2129.904067	2046.337583	0.00051645977648675	0.001355528883277684
PWY-5022: 4-aminobutanoate degradation V	1024.685194	259.8748687	764.8103252999999	0.0005333274503247317	0.0013820636078307564
PWY-5121: superpathway of geranylgeranyl diphosphate biosynthesis II (via MEP)	10682.46589	5092.774585	5589.691304999999	0.0005333274503247317	0.0013820636078307564
PWY-6562: norspermidine biosynthesis	38.55863219	0.0	38.55863219	0.0005685585529651473	0.0014654824734181872
PWY-7392: taxadiene biosynthesis (engineered)	6539.953276	3114.886266	3425.06701	0.0005870608501584555	0.0015051240945551892
P185-PWY: formaldehyde assimilation III (dihydroxyacetone cycle)	199.1952694	742.5387826	-543.3435132	0.0006254899454878303	0.0015788360876272311
GOLPDLCAT-PWY: superpathway of glycerol degradation to 1,3-propanediol	435.7553633	1050.121827	-614.3664636999999	0.0006256383666738614	0.0015788360876272311
PWY-5097: L-lysine biosynthesis VI	23437.24592	19791.3409	3645.905020000002	0.0006256383666738614	0.0015788360876272311
POLYAMSYN-PWY: superpathway of polyamine biosynthesis I	2428.969606	1355.908109	1073.0614970000001	0.0008047580278567199	0.002020277965765307
PWY-7385: 1,3-propanediol biosynthesis (engineered)	184.7708528	23.21201288	161.55883992	0.0008466954333244621	0.002114545071825859
PWY-6121: 5-aminoimidazole ribonucleotide biosynthesis I	23402.0237	18578.65444	4823.369260000003	0.0008834178728846758	0.002194883581084607
PWY-6785: hydrogen production VIII	0.0	0.0	0.0	0.000972818169944552	0.002380194710219665
PWY-101: photosynthesis light reactions	0.0	0.0	0.0	0.000972818169944552	0.002380194710219665
COA-PWY: coenzyme A biosynthesis I (prokaryotic)	21756.56382	18227.16852	3529.3953	0.0009691551968865611	0.002380194710219665
PWY-6317: D-galactose degradation I (Leloir pathway)	8624.825117	12613.84741	-3989.022293	0.0009994051574815466	0.002432895383364169
PWY3O-355: stearate biosynthesis III (fungi)	3841.167918	949.8600348	2891.3078832	0.001094288324463308	0.0026504872984488164
PWY-5103: L-isoleucine biosynthesis III	21476.21713	18197.8537	3278.3634300000012	0.0011293559768805461	0.0027217479042821163
PWY-7003: glycerol degradation to butanol	282.6778181	871.624023	-588.9462048999999	0.0011620069814134563	0.002777940488190408
PWY-6859: all-trans-farnesol biosynthesis	3387.781562	1515.745102	1872.03646	0.001164199125756146	0.002777940488190408
PWY0-41: allantoin degradation IV (anaerobic)	20.15245549	0.0	20.15245549	0.001219586412381815	0.0028957667525518955
PWY-5154: L-arginine biosynthesis III (via N-acetyl-L-citrulline)	11641.57999	8101.534354	3540.045636	0.0013137403583004619	0.003104033591670699
TEICHOICACID-PWY: poly(glycerol phosphate) wall teichoic acid biosynthesis	1808.561948	2660.750517	-852.1885689999999	0.0014373181471208358	0.003379450472742648
PWY-5505: L-glutamate and L-glutamine biosynthesis	1734.26995	3278.567133	-1544.297183	0.001480835340548465	0.003431551125694039
PWY-7210: pyrimidine deoxyribonucleotides biosynthesis from CTP	825.9467698	241.2274121	584.7193576999999	0.0014727855432849386	0.003431551125694039
SULFATE-CYS-PWY: superpathway of sulfate assimilation and cysteine biosynthesis	3125.244945	1467.171668	1658.073277	0.001480835340548465	0.003431551125694039
PWY-6386: UDP-N-acetylmuramoyl-pentapeptide biosynthesis II (lysine-containing)	25990.91792	22604.80237	3386.1155499999986	0.0015255637058875415	0.0035182856757789236
PWY-5705: allantoin degradation to glyoxylate III	45.89318792	0.0	45.89318792	0.0016213190501549993	0.0037213132484509985
PWY-7165: L-ascorbate biosynthesis VIII (engineered pathway)	0.0	0.0	0.0	0.001665286010965462	0.0038041130677030936
CITRULBIO-PWY: L-citrulline biosynthesis	9193.432109	4037.531318	5155.900791	0.0018211104982772156	0.0041404493404227265
PWY-5345: superpathway of L-methionine biosynthesis (by sulfhydrylation)	3987.44745	1730.448169	2256.9992810000003	0.0018752022372111059	0.004223586347363332
PWY-5659: GDP-mannose biosynthesis	9123.192805	5035.655021	4087.537784000001	0.0018752022372111059	0.004223586347363332
ARG+POLYAMINE-SYN: superpathway of arginine and polyamine biosynthesis	4094.610488	2451.797884	1642.8126039999997	0.0019307662898759177	0.0043084692209268164
PWY-6531: mannitol cycle	941.5709132	417.3258368	524.2450764	0.001930670928189826	0.0043084692209268164
PWY-6936: seleno-amino acid biosynthesis (plants)	6825.63285	12222.30913	-5396.67628	0.0019878384733431863	0.004415383152771501
PWY-4321: L-glutamate degradation IV	39.07344887	0.0	39.07344887	0.00207892497586689	0.004596522194347895
PWY-6630: superpathway of L-tyrosine biosynthesis	134.9544761	0.0	134.9544761	0.002146206193359983	0.004723613631047999
FASYN-INITIAL-PWY: superpathway of fatty acid biosynthesis initiation (E. coli)	24994.31978	17361.987	7632.332780000001	0.0021684732121903705	0.0047509276739807205
PWY0-1298: superpathway of pyrimidine deoxyribonucleosides degradation	1976.985798	838.5008774	1138.4849206	0.002297127705158941	0.0050100251307086405
PWY-7616: methanol oxidation to carbon dioxide	18.06569852	0.0	18.06569852	0.0023707462296718475	0.005147295868026263
PWY-7409: phospholipid remodeling (phosphatidylethanolamine, yeast)	0.0	0.0	0.0	0.002444487794888817	0.005283601422136367
PWY66-398: TCA cycle III (animals)	377.3579254	158.6104192	218.7475062	0.002743998907458041	0.005904497649083821
PWY-6969: TCA cycle V (2-oxoglutarate synthase)	2060.414112	1282.729925	777.6841869999998	0.0028039106691647737	0.00600659974461076
PWY-7446: sulfoquinovose degradation I	52.50634688	0.0	52.50634688	0.003124190854336373	0.006663097308805893
PWY-5384: sucrose degradation IV (sucrose phosphorylase)	1705.322808	3526.323322	-1821.0005140000003	0.004489192175544484	0.009490309774615971
PWY-3001: superpathway of L-isoleucine biosynthesis I	19437.36876	15395.37238	4041.9963800000005	0.004489192175544484	0.009490309774615971
PWY-6737: starch degradation V	20529.23638	26438.3193	-5909.082920000001	0.004612297555268375	0.009707980007158763
PWY-4984: urea cycle	6734.307209	3466.881998	3267.4252109999998	0.005135876525143419	0.010763010804865775
FUC-RHAMCAT-PWY: superpathway of fucose and rhamnose degradation	2526.351781	1431.196659	1095.155122	0.005274898794287199	0.011006498782884976
PWY-5484: glycolysis II (from fructose 6-phosphate)	11138.19176	7809.386213	3328.805547	0.005712596475927963	0.011817474254923941
PWY-5188: tetrapyrrole biosynthesis I (from glutamate)	4057.898387	7110.836691	-3052.9383040000002	0.005712596475927963	0.011817474254923941
PHOSLIPSYN-PWY: superpathway of phospholipid biosynthesis I (bacteria)	11451.81833	8330.926483	3120.891847000001	0.006022320702501341	0.012404951190622421
PWY-7323: superpathway of GDP-mannose-derived O-antigen building blocks biosynthesis	5301.568232	3202.854749	2098.7134829999995	0.006182787090165342	0.012681290967913594
PWY-6797: 6-hydroxymethyl-dihydropterin diphosphate biosynthesis II (Methanocaldococcus)	0.0	0.0	0.0	0.006294126555591984	0.01285495338896329
HSERMETANA-PWY: L-methionine biosynthesis III	10467.81619	13234.38667	-2766.5704800000003	0.006347093297125318	0.012908434469259086
NONMEVIPP-PWY: methylerythritol phosphate pathway I	24806.72014	21667.15198	3139.5681600000025	0.006515318657269641	0.013194889045394818
PWY-7245: superpathway of NAD/NADP - NADH/NADPH interconversion (yeast)	0.0	0.0	0.0	0.006622722695105608	0.013356285937409637
THRESYN-PWY: superpathway of L-threonine biosynthesis	19013.54937	13554.16551	5459.38386	0.007229044097044644	0.014518330228231326
PWY-5417: catechol degradation III (ortho-cleavage pathway)	0.0	0.0	0.0	0.0073273706011167125	0.014594184420406015
PWY-5431: aromatic compounds degradation via &beta;-ketoadipate	0.0	0.0	0.0	0.0073273706011167125	0.014594184420406015
PWY-7268: cytosolic NADPH production (yeast)	0.0	0.0	0.0	0.007614641959883625	0.015103940019193032
PWY-7219: adenosine ribonucleotides de novo biosynthesis	31281.37321	27711.18421	3570.189000000002	0.00821945269003086	0.0162367876909626
THREOCAT-PWY: superpathway of L-threonine metabolism	70.80530081	0.0	70.80530081	0.00909773883291774	0.0178984086427198
PWY-5088: L-glutamate degradation VIII (to propanoate)	0.0	0.0	0.0	0.00924051897883993	0.018105407104881493
P125-PWY: superpathway of (R,R)-butanediol biosynthesis	137.5848706	38.39075858	99.19411201999998	0.009295113964171873	0.018138643444254424
PWY-5676: acetyl-CoA fermentation to butanoate II	1375.146835	2090.902977	-715.7561420000002	0.010058149403827104	0.019548500050986548
PWY-6609: adenine and adenosine salvage III	24560.67264	21917.93693	2642.735710000001	0.010312028238868343	0.019961436189295346
PWY-7198: pyrimidine deoxyribonucleotides de novo biosynthesis IV	2443.57666	4071.202742	-1627.6260819999998	0.010836956177349876	0.02089365150993056
AEROBACTINSYN-PWY: aerobactin biosynthesis	0.0	0.0	0.0	0.012124015986456639	0.023281974922199602
PWY-5941: glycogen degradation II	0.0	0.0	0.0	0.01229620272104787	0.023518927426766166
NONOXIPENT-PWY: pentose phosphate pathway (non-oxidative branch) I	9716.743545	14006.24464	-4289.501095000001	0.012557044535423428	0.023922906980530005
PWY-7197: pyrimidine deoxyribonucleotide phosphorylation	6118.970346	4346.045036	1772.9253099999996	0.013504513895597267	0.025626675975109772
PWY0-162: superpathway of pyrimidine ribonucleotides de novo biosynthesis	11414.45586	7305.393004	4109.0628560000005	0.013834086950849492	0.02604699183714631
COLANSYN-PWY: colanic acid building blocks biosynthesis	6254.197071	4109.433764	2144.7633069999993	0.013834086950849492	0.02604699183714631
GLYCOLYSIS: glycolysis I (from glucose 6-phosphate)	12299.51512	8837.553745	3461.9613750000008	0.014170741806996314	0.02657703327226546
PROTOCATECHUATE-ORTHO-CLEAVAGE-PWY: protocatechuate degradation II (ortho-cleavage pathway)	0.0	0.0	0.0	0.01463394253824849	0.027339381021068882
TCA: TCA cycle I (prokaryotic)	3512.834343	2220.959603	1291.8747400000002	0.015224470498565384	0.028332798379569556
PWY-7013: (S)-propane-1,2-diol degradation	399.9241485	1098.408885	-698.4847365	0.017538600293754085	0.03251386669842104
PWY-6185: 4-methylcatechol degradation (ortho cleavage)	0.0	0.0	0.0	0.017667475531980153	0.032627291978599364
PWY0-1319: CDP-diacylglycerol biosynthesis II	21563.52859	18271.12526	3292.403330000001	0.017955430941905676	0.03303251035877303
PWY-5667: CDP-diacylglycerol biosynthesis I	21563.52859	18271.12526	3292.403330000001	0.018378695311336814	0.033682627908989904
PPGPPMET-PWY: ppGpp metabolism	768.7161346	1541.26155	-772.5454153999999	0.019701324147579302	0.035969841814898575
PWY-5910: superpathway of geranylgeranyldiphosphate biosynthesis I (via mevalonate)	60.36693331	0.0	60.36693331	0.020538732033937048	0.03735724090701003
PWY-6263: superpathway of menaquinol-8 biosynthesis II	280.5203123	87.67337111	192.84694119	0.020792848241739468	0.037677266362851215
PWY-1042: glycolysis IV	27994.09702	23335.28526	4658.8117600000005	0.02110633075554428	0.03810206525907244
PWY490-3: nitrate reduction VI (assimilatory)	0.0	0.0	0.0	0.02139702731387122	0.0384827133033057
ARO-PWY: chorismate biosynthesis I	19336.10501	22135.36557	-2799.2605600000024	0.022090800783097487	0.03943617028686292
PWY-5464: superpathway of cytosolic glycolysis (plants), pyruvate dehydrogenase and TCA cycle	637.2463558	386.4206587	250.82569709999996	0.0220901731886344	0.03943617028686292
GALACTUROCAT-PWY: D-galacturonate degradation I	2892.542204	1955.477063	937.0651409999998	0.02259784424923885	0.04019247574956873
P4-PWY: superpathway of L-lysine, L-threonine and L-methionine biosynthesis I	3011.758946	5339.307171	-2327.5482250000005	0.023114972228630154	0.040961090493381376
PWY-922: mevalonate pathway I (eukaryotes and bacteria)	46.12906759	0.0	46.12906759	0.0247803180464985	0.04375133076341493
PWY-6270: isoprene biosynthesis I	12683.13743	13990.8201	-1307.6826700000001	0.02528757856015455	0.0444839885620237
CATECHOL-ORTHO-CLEAVAGE-PWY: catechol degradation to &beta;-ketoadipate	0.0	0.0	0.0	0.026072821114213298	0.04569854464382113
PWY-7560: methylerythritol phosphate pathway II	11736.15879	13509.94561	-1773.7868200000012	0.02703098496309216	0.04720628533409573
PENTOSE-P-PWY: pentose phosphate pathway	8872.408163	6173.125063	2699.2830999999996	0.02887718350707875	0.050248384297516095
PWY66-367: ketogenesis	18.00879173	0.0	18.00879173	0.029115599093378818	0.05048100274463522
PWY-5180: toluene degradation I (aerobic) (via o-cresol)	0.0	0.0	0.0	0.029702616364709812	0.051130932456393316
PWY-5182: toluene degradation II (aerobic) (via 4-methylcatechol)	0.0	0.0	0.0	0.029702616364709812	0.051130932456393316
PWY-7357: thiamine phosphate formation from pyrithiamine and oxythiamine (yeast)	12745.93734	14750.63233	-2004.69499	0.030167428977597433	0.051746266075451824
FUCCAT-PWY: fucose degradation	1443.166427	824.4520381	618.7143889000001	0.030830922803739877	0.052696825501427735
7ALPHADEHYDROX-PWY	0.0	0.0	0.0	0.0328283716857868	0.05591263304787716
PWY-6549: L-glutamine biosynthesis III	1495.535397	2635.426018	-1139.890621	0.03508065570067631	0.05953829594269712
PWY-5181: toluene degradation III (aerobic) (via p-cresol)	0.0	0.0	0.0	0.03847028100304414	0.06506201909988518
URDEGR-PWY: superpathway of allantoin degradation in plants	3.452972486	0.0	3.452972486	0.039209476728557034	0.06585006196224562
PWY-5692: allantoin degradation to glyoxylate II	3.452972486	0.0	3.452972486	0.039209476728557034	0.06585006196224562
GLUCONEO-PWY: gluconeogenesis I	9509.159869	7594.437402	1914.7224669999996	0.039820681805620414	0.06664433552190639
PWY-6215: 4-chlorobenzoate degradation	0.0	0.0	0.0	0.04165477494975202	0.0694726696393788
PWY1G-0: mycothiol biosynthesis	0.0	0.0	0.0	0.041808430830066794	0.06948849537962826
PWY-5534: propene degradation	0.0	0.0	0.0	0.04300095316989581	0.07002182239151952
PWY-7528: L-methionine salvage cycle I (bacteria and plants)	0.0	0.0	0.0	0.04300095316989581	0.07002182239151952
PWY-7527: L-methionine salvage cycle III	0.0	0.0	0.0	0.04300095316989581	0.07002182239151952
PWY-7218: photosynthetic 3-hydroxybutanoate biosynthesis (engineered)	0.0	0.0	0.0	0.04300095316989581	0.07002182239151952
PWY-4361: S-methyl-5-thio-&alpha;-D-ribose 1-phosphate degradation I	0.0	0.0	0.0	0.04300095316989581	0.07002182239151952
PHOTOALL-PWY: oxygenic photosynthesis	0.0	0.0	0.0	0.04300095316989581	0.07002182239151952
PWY-2941: L-lysine biosynthesis II	6818.31905	4820.976569	1997.3424809999997	0.043273943711685456	0.07022909383512589
GALACT-GLUCUROCAT-PWY: superpathway of hexuronide and hexuronate degradation	3164.19138	2253.444232	910.7471480000004	0.04602703911415632	0.074446418969877
PWY-5028: L-histidine degradation II	0.0	0.0	0.0	0.04711211659799185	0.07594662274325108
PWY-6396: superpathway of 2,3-butanediol biosynthesis	0.0	0.0	0.0	0.04847000052711606	0.07787513418023313
PWY-6892: thiazole component of thiamine diphosphate biosynthesis I	1303.733251	2499.693585	-1195.9603339999999	0.04992601859627215	0.07994797662260192
PWY-5994: palmitate biosynthesis (type I fatty acid synthase)	0.0	0.0	0.0	0.05465222125749758	0.0872263928679266
P441-PWY: superpathway of N-acetylneuraminate degradation	3853.440666	2441.499911	1411.940755	0.05518556914818528	0.08778694498160167
COMPLETE-ARO-PWY: superpathway of aromatic amino acid biosynthesis	19920.92381	21247.08731	-1326.1634999999987	0.056291079778599394	0.08895836214191774
SER-GLYSYN-PWY: superpathway of L-serine and glycine biosynthesis I	16471.15705	13478.17593	2992.981120000002	0.056291079778599394	0.08895836214191774
PWY-7371: 1,4-dihydroxy-6-naphthoate biosynthesis II	127.5764809	25.72168418	101.85479672000001	0.0571660181005027	0.09004581936092255
PWY-4242	20997.25259	19023.91098	1973.3416099999995	0.06089909368209387	0.09561356076472066
PWY0-1533: methylphosphonate degradation I	0.0	0.0	0.0	0.06190183079170442	0.09687234558961537
PWY4FS-8: phosphatidylglycerol biosynthesis II (non-plastidic)	8762.464721	6886.055663	1876.4090580000002	0.06581532011799385	0.10233220740926785
PWY4FS-7: phosphatidylglycerol biosynthesis I (plastidic)	8762.464721	6886.055663	1876.4090580000002	0.06581532011799385	0.10233220740926785
ANAGLYCOLYSIS-PWY: glycolysis III (from glucose)	19562.86342	16711.03036	2851.833060000001	0.06971338644424434	0.10804454104863591
ALLANTOINDEG-PWY: superpathway of allantoin degradation in yeast	22.73070047	0.0	22.73070047	0.0776437557304024	0.11994964827581397
DAPLYSINESYN-PWY: L-lysine biosynthesis I	4014.224068	6903.240172	-2889.016104	0.0795489005028486	0.1225002237775496
DHGLUCONATE-PYR-CAT-PWY: glucose degradation (oxidative)	0.0	0.0	0.0	0.08205546242778244	0.12490434181279278
PWY-5055: nicotinate degradation III	0.0	0.0	0.0	0.08205546242778244	0.12490434181279278
PWY-2221: Entner-Doudoroff pathway III (semi-phosphorylative)	0.0	0.0	0.0	0.08205546242778244	0.12490434181279278
PWY-6182: superpathway of salicylate degradation	0.0	0.0	0.0	0.0821466314411936	0.12490434181279278
PWY5F9-12: biphenyl degradation	0.0	0.0	0.0	0.0888713596337163	0.13470438787248823
PWY-4981: L-proline biosynthesis II (from arginine)	1473.111	2380.748333	-907.6373329999999	0.09214040892440246	0.13922155831210653
PWY-5415: catechol degradation I (meta-cleavage pathway)	0.0	0.0	0.0	0.09325796028498798	0.14046980267926315
PWY-7234: inosine-5,-phosphate biosynthesis III	5958.419931	4528.661488	1429.7584430000006	0.09552642610961551	0.1434384342206688
PWY-7332: superpathway of UDP-N-acetylglucosamine-derived O-antigen building blocks biosynthesis	802.9663421	203.171514	599.7948281	0.09754319746629597	0.1455598178908813
PWY-5005: biotin biosynthesis II	1608.05261	910.1522767	697.9003332999999	0.09725641360477248	0.1455598178908813
PWY66-388: ceramide degradation by &alpha;-oxidation	0.0	0.0	0.0	0.11464876015124985	0.170557723434884
PWY-6507: 4-deoxy-L-threo-hex-4-enopyranuronate degradation	2157.092853	1806.186297	350.90655600000014	0.1159661761382542	0.17198675968811855
PWY-6305: superpathway of putrescine biosynthesis	6278.302518	4797.146094	1481.1564240000007	0.11798307390067807	0.17444123196357925
TRPSYN-PWY: L-tryptophan biosynthesis	14507.63604	15540.24065	-1032.6046100000003	0.12002738867255466	0.1769211050158145
UNMAPPED	10087971.04	9472032.586	615938.4539999999	0.12209933858383655	0.17942646706527202
CRNFORCAT-PWY: creatinine degradation I	0.0	0.0	0.0	0.1336888799063556	0.1958603043004967
PWY-7200: superpathway of pyrimidine deoxyribonucleoside salvage	0.0	0.0	0.0	0.14020288039526915	0.204572724877213
PWY-1541: superpathway of taurine degradation	0.0	0.0	0.0	0.14048458907543052	0.204572724877213
PWY-7039: phosphatidate metabolism, as a signaling molecule	0.0	0.0	0.0	0.14155464680525934	0.20551005951847892
PWY-7312: dTDP-&beta;-D-fucofuranose biosynthesis	143.3923496	37.2301256	106.16222399999998	0.1424499012500604	0.2055714143788297
PWY-6612: superpathway of tetrahydrofolate biosynthesis	1470.564893	925.6012565	544.9636365	0.1420258135155517	0.2055714143788297
FOLSYN-PWY: superpathway of tetrahydrofolate biosynthesis and salvage	2113.239892	1346.070181	767.169711	0.1443858149357826	0.2071248892828786
COA-PWY-1: superpathway of coenzyme A biosynthesis III (mammals)	23291.62452	21704.78943	1586.8350900000005	0.1443858149357826	0.2071248892828786
PROPFERM-PWY: superpathway of L-alanine fermentation (Stickland reaction)	0.0	39.32713598	-39.32713598	0.14656432733933486	0.20930744051939298
COBALSYN-PWY: superpathway of adenosylcobalamin salvage from cobinamide I	7266.604372	8630.268165	-1363.6637929999997	0.14677575704471957	0.20930744051939298
PWY-6145: superpathway of CMP-sialic acids biosynthesis	0.0	0.0	0.0	0.14803232393828322	0.21047663757596613
PWY-5751: phenylethanol biosynthesis	0.0	0.0	0.0	0.15973382057856367	0.22060659460993606
PWY-6167: flavin biosynthesis II (archaea)	0.0	0.0	0.0	0.15973382057856367	0.22060659460993606
PWY-6349: CDP-archaeol biosynthesis	0.0	0.0	0.0	0.15973382057856367	0.22060659460993606
PWY-6350: archaetidylinositol biosynthesis	0.0	0.0	0.0	0.15973382057856367	0.22060659460993606
PWY-6834: spermidine biosynthesis III	0.0	0.0	0.0	0.15973382057856367	0.22060659460993606
PWY-7511: protein ubiquitination	0.0	0.0	0.0	0.15973382057856367	0.22060659460993606
PWY-6107: chlorosalicylate degradation	0.0	0.0	0.0	0.15973382057856367	0.22060659460993606
PWY-7124: ethene biosynthesis V (engineered)	0.0	0.0	0.0	0.15973382057856367	0.22060659460993606
PWY-7270: L-methionine salvage cycle II (plants)	0.0	0.0	0.0	0.15973382057856367	0.22060659460993606
METHANOGENESIS-PWY: methanogenesis from H2 and CO2	0.0	0.0	0.0	0.15973382057856367	0.22060659460993606
URSIN-PWY: ureide biosynthesis	0.0	0.0	0.0	0.1623071156204885	0.22352008494021558
GLCMANNANAUT-PWY: superpathway of N-acetylglucosamine, N-acetylmannosamine and N-acetylneuraminate degradation	3556.91388	4962.77881	-1405.8649299999997	0.1643601710016387	0.22570257100509927
PWY-5101: L-isoleucine biosynthesis II	0.0	0.0	0.0	0.1662886702178945	0.22705705111905142
PWY-7317: superpathway of dTDP-glucose-derived O-antigen building blocks biosynthesis	0.0	0.0	0.0	0.1662886702178945	0.22705705111905142
OANTIGEN-PWY: O-antigen building blocks biosynthesis (E. coli)	9945.676506	12300.74137	-2355.064864	0.169664757310808	0.22971464332530744
PWY0-1479: tRNA processing	2893.051674	2303.956567	589.0951069999996	0.169664757310808	0.22971464332530744
PWY-241: C4 photosynthetic carbon assimilation cycle, NADP-ME type	2831.812957	4730.872774	-1899.0598170000003	0.169664757310808	0.22971464332530744
PWY-7031: protein N-glycosylation (bacterial)	0.0	0.0	0.0	0.1797880464598608	0.24273904311947594
PWY0-781: aspartate superpathway	3177.54259	3917.562607	-740.0200169999998	0.18924264648180522	0.25479037878276567
ARGORNPROST-PWY	199.5643653	126.5128422	73.0515231	0.19304474564746077	0.25918542451831783
PWY-6876: isopropanol biosynthesis (engineered)	34.14500932	8.455224759	25.689784561	0.19484282025734412	0.26053495781134306
PWY0-1297: superpathway of purine deoxyribonucleosides degradation	3014.345008	1274.567056	1739.7779519999997	0.1951309538794499	0.26053495781134306
PWY-7118: chitin deacetylation	0.0	0.0	0.0	0.19709742362850724	0.2624335861572942
UDPNACETYLGALSYN-PWY: UDP-N-acetyl-D-glucosamine biosynthesis II	0.0	0.0	0.0	0.20180383145341807	0.26795990843126033
PWY-6284: superpathway of unsaturated fatty acids biosynthesis (E. coli)	789.3090379	935.6580574	-146.34901949999994	0.21031677419921857	0.278496387813251
PWY-7242: D-fructuronate degradation	2827.587949	2247.293321	580.2946280000001	0.21360008620899418	0.28206915493900053
PWY-6606: guanosine nucleotides degradation II	2048.644191	2406.067439	-357.42324800000006	0.22002827764893118	0.28976401592017714
PWY-6749: CMP-legionaminate biosynthesis I	39.33201253	17.75006767	21.58194486	0.22102067985167662	0.2902778411131012
PWY-5913: partial TCA cycle (obligate autotrophs)	2671.136127	4400.327405	-1729.1912779999998	0.22992892914186824	0.30115691262603395
PWY-6572: chondroitin sulfate degradation I (bacterial)	130.5424598	57.57327414	72.96918566	0.2390803895200907	0.3122947093460263
PWY-6210: 2-aminophenol degradation	0.0	0.0	0.0	0.24568112390752772	0.32004946411737395
PWY-7383: anaerobic energy metabolism (invertebrates, cytosol)	796.6410786	1675.956375	-879.3152964	0.2560327043247449	0.3326354810903694
PWY-5514: UDP-N-acetyl-D-galactosamine biosynthesis II	0.0	0.0	0.0	0.26198555131765544	0.3394543971373923
UDPNAGSYN-PWY: UDP-N-acetyl-D-glucosamine biosynthesis I	7116.889412	9418.61637	-2301.7269579999993	0.26520539259150755	0.34270509176704195
PWY-7117: C4 photosynthetic carbon assimilation cycle, PEPCK type	3371.873521	5070.928323	-1699.054802	0.26892782141379634	0.34658612278462525
PWY3DJ-35471: L-ascorbate biosynthesis IV (animals, D-glucuronate pathway)	0.0	0.0	0.0	0.2720229804174258	0.34964020416319797
GLUCUROCAT-PWY: superpathway of &beta;-D-glucuronosides degradation	3207.473661	2861.787493	345.6861680000002	0.2764798795220841	0.3544236753447993
PWY1F-823: leucopelargonidin and leucocyanidin biosynthesis	0.0	0.0	0.0	0.2838982597460329	0.36296806683710303
PWY-5690: TCA cycle II (plants and fungi)	1768.745607	1610.345883	158.3997240000001	0.28807678982311036	0.36733601241994496
PWY-6435: 4-hydroxybenzoate biosynthesis III (plants)	0.0	0.0	0.0	0.32869581404028303	0.3719046534446395
PWY-6352: 3-phosphoinositide biosynthesis	0.0	0.0	0.0	0.32869581404028303	0.3719046534446395
PWY-6351: D-myo-inositol (1,4,5)-trisphosphate biosynthesis	0.0	0.0	0.0	0.32869581404028303	0.3719046534446395
PWY-5870: ubiquinol-8 biosynthesis (late decarboxylation)	0.0	0.0	0.0	0.32869581404028303	0.3719046534446395
PWY-5651: L-tryptophan degradation to 2-amino-3-carboxymuconate semialdehyde	0.0	0.0	0.0	0.32869581404028303	0.3719046534446395
PWY-561: superpathway of glyoxylate cycle and fatty acid degradation	0.0	0.0	0.0	0.32869581404028303	0.3719046534446395
PWY-5531: 3,8-divinyl-chlorophyllide a biosynthesis II (anaerobic)	0.0	0.0	0.0	0.32869581404028303	0.3719046534446395
PWY-5430: meta cleavage pathway of aromatic compounds	0.0	0.0	0.0	0.32869581404028303	0.3719046534446395
TYRFUMCAT-PWY: L-tyrosine degradation I	0.0	0.0	0.0	0.30878840345939074	0.3719046534446395
PWY-5129: sphingolipid biosynthesis (plants)	0.0	0.0	0.0	0.32869581404028303	0.3719046534446395
PWY-5067: glycogen biosynthesis II (from UDP-D-Glucose)	0.0	0.0	0.0	0.32869581404028303	0.3719046534446395
PWY-5044: purine nucleotides degradation I (plants)	0.0	0.0	0.0	0.32869581404028303	0.3719046534446395
PWY-3502: superpathway of NAD biosynthesis in eukaryotes	0.0	0.0	0.0	0.32869581404028303	0.3719046534446395
PWY-2201: folate transformations I	0.0	0.0	0.0	0.32869581404028303	0.3719046534446395
PWY-1501: mandelate degradation I	0.0	0.0	0.0	0.32869581404028303	0.3719046534446395
NADSYN-PWY: NAD de novo biosynthesis II (from tryptophan)	0.0	0.0	0.0	0.32869581404028303	0.3719046534446395
LYSINE-AMINOAD-PWY: L-lysine biosynthesis IV	0.0	0.0	0.0	0.32869581404028303	0.3719046534446395
PWY-6596: adenosine nucleotides degradation I	0.0	0.0	0.0	0.32869581404028303	0.3719046534446395
PWY-5136: fatty acid &beta;-oxidation II (plant peroxisome)	0.0	0.0	0.0	0.32869581404028303	0.3719046534446395
PWY66-391: fatty acid &beta;-oxidation VI (mammalian peroxisome)	0.0	0.0	0.0	0.32869581404028303	0.3719046534446395
LEU-DEG2-PWY: L-leucine degradation I	0.0	0.0	0.0	0.32869581404028303	0.3719046534446395
PWY-6837: fatty acid &beta;-oxidation V (unsaturated, odd number, di-isomerase-dependent)	0.0	0.0	0.0	0.32869581404028303	0.3719046534446395
PWY-7391: isoprene biosynthesis II (engineered)	0.0	0.0	0.0	0.32869581404028303	0.3719046534446395
PWY-6467: Kdo transfer to lipid IVA III (Chlamydia)	0.0	0.0	0.0	0.32869581404028303	0.3719046534446395
PWY-6174: mevalonate pathway II (haloarchaea)	0.0	0.0	0.0	0.32869581404028303	0.3719046534446395
PWY-5647: 2-nitrobenzoate degradation I	0.0	0.0	0.0	0.32869581404028303	0.3719046534446395
PWY-5306: superpathway of thiosulfate metabolism (Desulfovibrio sulfodismutans)	0.0	0.0	0.0	0.32869581404028303	0.3719046534446395
PWY-5156: superpathway of fatty acid biosynthesis II (plant)	0.0	0.0	0.0	0.32869581404028303	0.3719046534446395
PWY-181: photorespiration	0.0	0.0	0.0	0.32869581404028303	0.3719046534446395
PWY-1622: formaldehyde assimilation I (serine pathway)	0.0	0.0	0.0	0.32869581404028303	0.3719046534446395
P261-PWY: coenzyme M biosynthesis I	0.0	0.0	0.0	0.32869581404028303	0.3719046534446395
P241-PWY: coenzyme B biosynthesis	0.0	0.0	0.0	0.32869581404028303	0.3719046534446395
PWY66-399: gluconeogenesis III	1356.915269	2323.335517	-966.4202479999999	0.31429191533534806	0.3719046534446395
PWY-6641: superpathway of sulfolactate degradation	0.0	0.0	0.0	0.32869581404028303	0.3719046534446395
PWY-7159: 3,8-divinyl-chlorophyllide a biosynthesis III (aerobic, light independent)	0.0	0.0	0.0	0.32869581404028303	0.3719046534446395
PWY-7411: phosphatidate biosynthesis (yeast)	0.0	0.0	0.0	0.32869581404028303	0.3719046534446395
PWY-6842: glutathione-mediated detoxification II	0.0	0.0	0.0	0.32869581404028303	0.3719046534446395
PWY-7235: superpathway of ubiquinol-6 biosynthesis (late decarboxylation)	0.0	0.0	0.0	0.32869581404028303	0.3719046534446395
PWY-7283: wybutosine biosynthesis	0.0	0.0	0.0	0.32869581404028303	0.3719046534446395
VALDEG-PWY: L-valine degradation I	0.0	0.0	0.0	0.32869581404028303	0.3719046534446395
PWY-7288: fatty acid &beta;-oxidation VII (yeast peroxisome)	0.0	0.0	0.0	0.32869581404028303	0.3719046534446395
PWY-7337: 10-cis-heptadecenoyl-CoA degradation (yeast)	0.0	0.0	0.0	0.32869581404028303	0.3719046534446395
PWY-7338: 10-trans-heptadecenoyl-CoA degradation (reductase-dependent, yeast)	0.0	0.0	0.0	0.32869581404028303	0.3719046534446395
TRIGLSYN-PWY: diacylglycerol and triacylglycerol biosynthesis	0.0	0.0	0.0	0.32869581404028303	0.3719046534446395
PWY-7546: diphthamide biosynthesis II (eukaryotes)	0.0	0.0	0.0	0.32869581404028303	0.3719046534446395
PWY-7420: monoacylglycerol metabolism (yeast)	0.0	0.0	0.0	0.32869581404028303	0.3719046534446395
POLYAMINSYN3-PWY: superpathway of polyamine biosynthesis II	527.9409358	370.8158166	157.12511920000003	0.295796355871061	0.3719046534446395
PWY-7373: superpathway of demethylmenaquinol-6 biosynthesis II	0.0	0.0	0.0	0.32869581404028303	0.3719046534446395
PWY-5419: catechol degradation to 2-hydroxypentadienoate II	0.0	0.0	0.0	0.33183240478643694	0.37283333843624805
PWY-7316: dTDP-N-acetylviosamine biosynthesis	13.94957792	0.0	13.94957792	0.3318371414712664	0.37283333843624805
PWY-5420: catechol degradation II (meta-cleavage pathway)	0.0	0.0	0.0	0.33183240478643694	0.37283333843624805
P562-PWY: myo-inositol degradation I	0.0	0.0	0.0	0.3403670018503019	0.3815276625391756
PWY-6588: pyruvate fermentation to acetone	694.321177	449.273585	245.047592	0.3509257266682786	0.39245058063598676
GLUCOSE1PMETAB-PWY: glucose and glucose-1-phosphate degradation	1632.731895	1186.184975	446.54692	0.37367521406491155	0.41596178563345815
PWY-6353: purine nucleotides degradation II (aerobic)	4377.951312	4193.991096	183.9602160000004	0.37367521406491155	0.41596178563345815
SALVADEHYPOX-PWY: adenosine nucleotides degradation II	2976.382154	2856.833132	119.5490219999997	0.3830249729488685	0.4253871819386051
PWY-5178: toluene degradation IV (aerobic) (via catechol)	0.0	0.0	0.0	0.38416549313055526	0.4256730291699486
PWY-5654: 2-amino-3-carboxymuconate semialdehyde degradation to 2-hydroxypentadienoate	0.0	0.0	0.0	0.3977736159642159	0.4397405570980552
PWY-724: superpathway of L-lysine, L-threonine and L-methionine biosynthesis II	18573.99054	16799.72549	1774.2650499999982	0.4070188110218812	0.4489315032323724
PWY-5265: peptidoglycan biosynthesis II (staphylococci)	154.8130263	104.4153659	50.39766039999999	0.42080382796147164	0.4630763586242679
PWY-4041: &gamma;-glutamyl cycle	2773.099876	4002.78462	-1229.6847439999997	0.4218358565585024	0.4631546306633216
MET-SAM-PWY: superpathway of S-adenosyl-L-methionine biosynthesis	5833.821137	6088.779075	-254.95793800000047	0.4472215077746703	0.48991083351679793
3-HYDROXYPHENYLACETATE-DEGRADATION-PWY: 4-hydroxyphenylacetate degradation	0.0	0.0	0.0	0.4559696839427875	0.4983614232662666
PWY-5677: succinate fermentation to butanoate	24.07782507	19.94193767	4.135887399999998	0.4688074157034128	0.5112334261743098
CALVIN-PWY: Calvin-Benson-Bassham cycle	17696.3524	18214.62536	-518.2729599999984	0.4841793974559895	0.526804671724124
PWY-7399: methylphosphonate degradation II	0.0	0.0	0.0	0.4913560710794541	0.5334090681538218
HOMOSER-METSYN-PWY: L-methionine biosynthesis I	3195.251428	3219.563525	-24.312096999999994	0.5005113377219593	0.5421268871505267
PWY-7315: dTDP-N-acetylthomosamine biosynthesis	351.239995	582.6821028	-231.44210780000003	0.5227315623906797	0.5649251414177302
PWY-7115: C4 photosynthetic carbon assimilation cycle, NAD-ME type	1622.216691	2441.246839	-819.0301479999998	0.5397266076032334	0.5819870802343591
METSYN-PWY: superpathway of L-homoserine and L-methionine biosynthesis	5489.99791	5502.523572	-12.525662000000011	0.5454518029057283	0.5855406881972406
ANAEROFRUCAT-PWY: homolactic fermentation	12569.78655	11632.88544	936.9011100000007	0.5454518029057283	0.5855406881972406
PWY-7286: 7-(3-amino-3-carboxypropyl)-wyosine biosynthesis	0.0	0.0	0.0	0.5500128958940161	0.5891249240464795
PWY-6953: dTDP-3-acetamido-&alpha;-D-fucose biosynthesis	0.0	0.0	0.0	0.5956087806043006	0.6365486302688977
PWY-6138: CMP-N-acetylneuraminate biosynthesis I (eukaryotes)	0.0	0.0	0.0	0.6276479622030556	0.6693060127917541
PWY-4722: creatinine degradation II	0.0	12.14012922	-12.14012922	0.6368694766766929	0.6776403703270772
PWY-5347: superpathway of L-methionine biosynthesis (transsulfuration)	5953.283536	5698.805571	254.47796500000004	0.6721401318531038	0.7135937082669517
PWY-6151: S-adenosyl-L-methionine salvage I	21459.37351	20824.60161	634.7718999999997	0.6911450279985782	0.7321580296600323
PWY-6906: chitin derivatives degradation	0.0	0.0	0.0	0.7020999944076406	0.7419360852056739
PWY-6143: CMP-pseudaminate biosynthesis	0.0	0.0	0.0	0.7034539231099439	0.7419360852056739
PWY-6163: chorismate biosynthesis from 3-dehydroquinate	22916.68077	23118.57038	-201.889610000002	0.7167888933144382	0.7543498833571162
P164-PWY: purine nucleobases degradation I (anaerobic)	2218.451593	2474.783917	-256.3323240000004	0.7362354773219164	0.7731274511310756
PWY-5367: petroselinate biosynthesis	237.2714132	308.3548904	-71.08347719999998	0.7557900558704889	0.7902186701292313
LIPASYN-PWY: phospholipases	0.0	0.0	0.0	0.7546218434972405	0.7902186701292313
PWY-6731: starch degradation III	1054.899012	1325.119657	-270.2206449999999	0.7624230424390823	0.7954283689515967
PWY-6901: superpathway of glucose and xylose degradation	7141.282284	6462.026888	679.2553959999996	0.7756282435399575	0.8074574803158953
PWY66-409: superpathway of purine nucleotide salvage	4024.698991	3075.191672	949.5073190000003	0.7822533294199071	0.8125993637508518
GLYCOCAT-PWY: glycogen degradation I	1684.431956	2222.544568	-538.1126119999999	0.8223168849828274	0.8523800829284361
PWY-7456: &beta;-(1,4)-mannan degradation	3090.986793	3250.889023	-159.90223000000015	0.8492982897328447	0.8784587460326848
P621-PWY: nylon-6 oligomer degradation	0.0	0.0	0.0	0.8519591749296217	0.8793240306554125
THISYN-PWY: superpathway of thiamine diphosphate biosynthesis I	4780.691022	5087.445746	-306.75472400000035	0.8696501727496169	0.8956653488575114
PYRIDNUCSAL-PWY: NAD salvage pathway I (PNC VI cycle)	3205.696352	3803.844992	-598.1486399999999	0.8832649081712453	0.9077477307858
PWY-6608: guanosine nucleotides degradation III	4456.600807	4510.364415	-53.763608000000204	0.8900887726849793	0.9128144434769362
PWY-6478: GDP-D-glycero-&alpha;-D-manno-heptose biosynthesis	21.72653721	25.35052993	-3.6239927200000004	0.900358457714745	0.921385937618911
HEXITOLDEGSUPER-PWY: superpathway of hexitol degradation (bacteria)	4529.238625	4291.64186	237.59676500000023	0.910600683914999	0.9279271239894916
THISYNARA-PWY: superpathway of thiamine diphosphate biosynthesis III (eukaryotes)	10537.25597	9763.692371	773.563599000001	0.910600683914999	0.9279271239894916
P461-PWY: hexitol fermentation to lactate, formate, ethanol and acetate	1266.794367	1577.11969	-310.325323	0.9243093326398902	0.9399094901527998
PWY0-881: superpathway of fatty acid biosynthesis I (E. coli)	129.7232874	0.0	129.7232874	0.9343934551276203	0.9481634639400274
PWY-7237: myo-, chiro- and scyllo-inositol degradation	12214.86671	12265.44561	-50.57890000000043	0.9793282467808936	0.9895937420301691
PWY-7328: superpathway of UDP-glucose-derived O-antigen building blocks biosynthesis	1215.449667	1315.097027	-99.64735999999994	0.9793282467808936	0.9895937420301691
PWY-6595: superpathway of guanosine nucleotides degradation (plants)	543.9276559	536.2868149	7.640841000000023	0.986216739211075	0.9944695989534271
PWY-7290: Escherichia coli serotype O86 O-antigen biosynthesis	0.0	0.0	0.0	1.0	1.0
PWY-2723: trehalose degradation V	1048.709681	1214.738549	-166.02886799999987	1.0	1.0
PWY-5183: superpathway of aerobic toluene degradation	0.0	0.0	0.0	1.0	1.0
FERMENTATION-PWY: mixed acid fermentation	2638.603117	3036.045797	-397.4426800000001	1.0	1.0
