feature	median_M	median_S	delta_S_minus_M	p	q
GLUTORN-PWY: L-ornithine biosynthesis I	0.007512835418216731	0.004699952336225681	-0.0028128830819910498	0.006237007458873189	0.2562843064918801
GLYCOGENSYNTH-PWY: glycogen biosynthesis I (from ADP-D-Glucose)	0.009754738297333079	0.005877004450167192	-0.0038777338471658873	0.0030468132560736378	0.2562843064918801
PWY-7282: 4-amino-2-methyl-5-diphosphomethylpyrimidine biosynthesis II	0.0034488454702111485	0.004084379793780289	0.0006355343235691403	0.006237007458873189	0.2562843064918801
PWY-7356: thiamine diphosphate salvage IV (yeast)	0.0008972666409541353	0.0003464401434703778	-0.0005508264974837576	0.0010874365767340446	0.2562843064918801
ARGSYNBSUB-PWY: L-arginine biosynthesis II (acetyl cycle)	0.008618558574196782	0.00513538349731546	-0.0034831750768813223	0.0018399329318952156	0.2562843064918801
ARGSYN-PWY: L-arginine biosynthesis I (via L-ornithine)	0.008685089338234076	0.005096153044835963	-0.003588936293398113	0.0018399329318952156	0.2562843064918801
PHOSLIPSYN-PWY: superpathway of phospholipid biosynthesis I (bacteria)	0.0031114867287687794	0.00503660480517317	0.001925118076404391	0.004938355678644229	0.2562843064918801
COMPLETE-ARO-PWY: superpathway of aromatic amino acid biosynthesis	0.010200196660049942	0.008870565758233745	-0.0013296309018161964	0.004938355678644229	0.2562843064918801
PWY4FS-8: phosphatidylglycerol biosynthesis II (non-plastidic)	0.0022120723855796843	0.0036398661173195237	0.0014277937317398394	0.006237007458873189	0.2562843064918801
PWY0-1296: purine ribonucleosides degradation	0.008726066290646171	0.0058397764803304695	-0.002886289810315702	0.0030468132560736378	0.2562843064918801
PWY4FS-7: phosphatidylglycerol biosynthesis I (plastidic)	0.0022120723855796843	0.0036398661173195237	0.0014277937317398394	0.006237007458873189	0.2562843064918801
PWY-6317: D-galactose degradation I (Leloir pathway)	0.005270836095204004	0.0038672642392557693	-0.0014035718559482343	0.015050609634599933	0.4251797221774481
PWY-6609: adenine and adenosine salvage III	0.011412243547495872	0.009245568779744568	-0.002166674767751304	0.015050609634599933	0.4251797221774481
PWY-7238: sucrose biosynthesis II	0.01091374566038131	0.007938583794836326	-0.0029751618655449834	0.015050609634599933	0.4251797221774481
P41-PWY: pyruvate fermentation to acetate and (S)-lactate I	0.004439782908293215	0.0027244933430420086	-0.0017152895652512061	0.012171501347889664	0.4251797221774481
ARO-PWY: chorismate biosynthesis I	0.010052049694033414	0.009169326124364835	-0.0008827235696685799	0.015050609634599933	0.4251797221774481
PWY-8073: lipid IVA biosynthesis (P. putida)	0.0016385205048204665	0.003127308093108448	0.0014887875882879816	0.022654494080089346	0.46544687837274473
PWY-3001: superpathway of L-isoleucine biosynthesis I	0.0064041930203765874	0.005444109993011862	-0.0009600830273647255	0.01851347377535392	0.46544687837274473
PWY-6859: all-trans-farnesol biosynthesis	0.000701699633719723	0.0013381604334773303	0.0006364607997576073	0.022654494080089346	0.46544687837274473
NAGLIPASYN-PWY: lipid IVA biosynthesis (E. coli)	0.0016385205048204665	0.003127308093108448	0.0014887875882879816	0.022654494080089346	0.46544687837274473
PWY-5100: pyruvate fermentation to acetate and lactate II	0.004439782908293215	0.0027244933430420086	-0.0017152895652512061	0.022654494080089346	0.46544687837274473
PWY0-1586: peptidoglycan maturation (meso-diaminopimelate containing)	0.00793961725926097	0.009594875136301258	0.0016552578770402879	0.022654494080089346	0.46544687837274473
PWY-1269: CMP-3-deoxy-D-manno-octulosonate biosynthesis	0.002374393658182194	0.003120514235090019	0.0007461205769078252	0.03339814633921802	0.4717488170414545
PWY-5659: GDP-mannose biosynthesis	0.0027255801870851274	0.004091482547714359	0.0013659023606292313	0.03339814633921802	0.4717488170414545
HISDEG-PWY: L-histidine degradation I	0.0029582958555786905	0.0044976875221380075	0.001539391666559317	0.03339814633921802	0.4717488170414545
POLYISOPRENSYN-PWY: polyisoprenoid biosynthesis (E. coli)	0.0015570781326356238	0.002199628011006043	0.0006425498783704194	0.027577991563328515	0.4717488170414545
VALSYN-PWY: L-valine biosynthesis	0.012511967581970743	0.01061039133857776	-0.0019015762433929832	0.027577991563328515	0.4717488170414545
PWY-7312: dTDP-&beta;-D-fucofuranose biosynthesis	3.7987233795879114e-05	0.0007044029123586474	0.0006664156785627683	0.032077684600543555	0.4717488170414545
ASPASN-PWY: superpathway of L-aspartate and L-asparagine biosynthesis	0.00414619947290526	0.006156446462009908	0.0020102469891046483	0.027577991563328515	0.4717488170414545
PWY-7383: anaerobic energy metabolism (invertebrates, cytosol)	0.0014007627691731623	0.0006932776438852427	-0.0007074851252879196	0.03339814633921802	0.4717488170414545
PWY0-845: superpathway of pyridoxal 5'-phosphate biosynthesis and salvage	0.0025103619579834283	0.004611409931536004	0.0021010479735525758	0.03339814633921802	0.4717488170414545
PYRIDOXSYN-PWY: pyridoxal 5'-phosphate biosynthesis I	0.0019571377738629293	0.004578378156274146	0.0026212403824112163	0.03339814633921802	0.4717488170414545
PWY-6527: stachyose degradation	0.00423817267379942	0.00302696104807847	-0.0012112116257209501	0.0402386771197594	0.5052189460592014
PWY-7210: pyrimidine deoxyribonucleotides biosynthesis from CTP	4.22949051955551e-05	0.00032675044462854893	0.00028445553943299385	0.03874454216833456	0.5052189460592014
PWY-7392: taxadiene biosynthesis (engineered)	0.0015436662847998397	0.002782886913901019	0.0012392206291011794	0.0402386771197594	0.5052189460592014
PWY-7185: UTP and CTP dephosphorylation I	2.5656674757193838e-05	0.00021378897444307147	0.00018813229968587763	0.03874454216833456	0.5052189460592014
PWY-5941: glycogen degradation II	0.007691610125950171	0.005815583590707687	-0.0018760265352424843	0.04823222393116556	0.5317308589484594
PWY-6163: chorismate biosynthesis from 3-dehydroquinate	0.011546895729234594	0.009616704108385669	-0.0019301916208489256	0.04823222393116556	0.5317308589484594
METH-ACETATE-PWY: methanogenesis from acetate	0.00038973806838447505	0.0002338658177818332	-0.00015587225060264184	0.04823222393116556	0.5317308589484594
PWY-6143: CMP-pseudaminate biosynthesis	7.670252297385371e-05	0.0	-7.670252297385371e-05	0.04644800181349446	0.5317308589484594
PWY-6292: superpathway of L-cysteine biosynthesis (mammalian)	0.00148496723163058	0.0009138773411252265	-0.0005710898905053535	0.04823222393116556	0.5317308589484594
PWY-5994: palmitate biosynthesis (type I fatty acid synthase)	0.0	0.0	0.0	0.05719402694629736	0.5777504217517457
PWY-7977: L-methionine biosynthesis IV	0.007556194326505622	0.008408119313587628	0.0008519249870820068	0.0575194003956384	0.5777504217517457
PWY-7663: gondoate biosynthesis (anaerobic)	0.005468620091207398	0.00685014441898846	0.0013815243277810621	0.0575194003956384	0.5777504217517457
PWY-6823: molybdopterin biosynthesis	0.002901336445948195	0.0022073172093822753	-0.0006940192365659198	0.0575194003956384	0.5777504217517457
PWY-5030: L-histidine degradation III	0.002460616792401601	0.0035749441106938764	0.0011143273182922754	0.0682474883780013	0.6426638488928457
CALVIN-PWY: Calvin-Benson-Bassham cycle	0.008325450868443806	0.006985001792888417	-0.0013404490755553897	0.0682474883780013	0.6426638488928457
PWY-7400: L-arginine biosynthesis IV (archaebacteria)	0.006065407383372835	0.004745822832544803	-0.001319584550828032	0.0682474883780013	0.6426638488928457
PWY-6121: 5-aminoimidazole ribonucleotide biosynthesis I	0.009650115607083754	0.00864028785794222	-0.0010098277491415331	0.08056875653563067	0.6621286900746375
PWY-6892: thiazole component of thiamine diphosphate biosynthesis I	0.0032434594727458756	0.00420769781479281	0.0009642383420469347	0.08056875653563067	0.6621286900746375
RHAMCAT-PWY: L-rhamnose degradation I	0.0038630952293943117	0.0033360816924020917	-0.00052701353699222	0.08056875653563067	0.6621286900746375
TRNA-CHARGING-PWY: tRNA charging	0.01150478281612566	0.009191381631445002	-0.0023134011846806576	0.08056875653563067	0.6621286900746375
PWY-7761: NAD salvage pathway II (PNC IV cycle)	0.0015498747009483236	0.0008909655508382139	-0.0006589091501101097	0.08056875653563067	0.6621286900746375
P164-PWY: purine nucleobases degradation I (anaerobic)	0.0005553342697320579	0.001256674479623788	0.00070134020989173	0.08056875653563067	0.6621286900746375
PWY-5497: purine nucleobases degradation II (anaerobic)	0.0009249253739596641	0.001493935470349787	0.0005690100963901229	0.08056875653563067	0.6621286900746375
PWY-6608: guanosine nucleotides degradation III	0.001461876927313001	0.001977857975723148	0.000515981048410147	0.09463839528709553	0.7504658713994242
PWY-5121: superpathway of geranylgeranyl diphosphate biosynthesis II (via MEP)	0.0030167914340303715	0.0036100914610704485	0.0005933000270400769	0.09463839528709553	0.7504658713994242
PWY-2941: L-lysine biosynthesis II	0.0014173239615862595	0.0023827150115563367	0.0009653910499700772	0.11061207374852303	0.7575251111262487
PWY-6700: queuosine biosynthesis I (de novo)	0.011085315982939497	0.009482522961891124	-0.001602793021048373	0.11061207374852303	0.7575251111262487
PWY-5484: glycolysis II (from fructose 6-phosphate)	0.0031723496931916188	0.0042128721961032164	0.0010405225029115977	0.11061207374852303	0.7575251111262487
PWY-5097: L-lysine biosynthesis VI	0.00960765804650701	0.008396747484111003	-0.0012109105623960073	0.11061207374852303	0.7575251111262487
PWY-7211: superpathway of pyrimidine deoxyribonucleotides de novo biosynthesis	0.00033603296927714764	0.0006527169217873293	0.0003166839525101817	0.11061207374852303	0.7575251111262487
HSERMETANA-PWY: L-methionine biosynthesis III	0.005174681935155219	0.0038410344050342003	-0.001333647530121019	0.11061207374852303	0.7575251111262487
PWY-7184: pyrimidine deoxyribonucleotides de novo biosynthesis I	0.0002817237252596825	0.0010619951571473026	0.0007802714318876201	0.11061207374852303	0.7575251111262487
GLYCOLYSIS: glycolysis I (from glucose 6-phosphate)	0.003385902748082407	0.004302550834568697	0.0009166480864862899	0.11061207374852303	0.7575251111262487
PWY-6125: superpathway of guanosine nucleotides de novo biosynthesis II	0.0042710375316863305	0.00514555840273288	0.0008745208710465493	0.11061207374852303	0.7575251111262487
COA-PWY-1: superpathway of coenzyme A biosynthesis III (mammals)	0.009716594913497264	0.008146264829434435	-0.0015703300840628296	0.12864313895307422	0.7650881421945993
PWY-6606: guanosine nucleotides degradation II	0.0007164826679521549	0.0010820755984305907	0.0003655929304784358	0.12864313895307422	0.7650881421945993
NONMEVIPP-PWY: methylerythritol phosphate pathway I	0.011608625950977038	0.010074268952124328	-0.0015343569988527095	0.12864313895307422	0.7650881421945993
PWY-7228: superpathway of guanosine nucleotides de novo biosynthesis I	0.004892182496380683	0.005798360739521975	0.0009061782431412915	0.12864313895307422	0.7650881421945993
PWY-7851: coenzyme A biosynthesis II (eukaryotic)	0.00905941196319077	0.007693569874561229	-0.0013658420886295411	0.12864313895307422	0.7650881421945993
PWY-7220: adenosine deoxyribonucleotides de novo biosynthesis II	0.003219500869575541	0.004126065377249508	0.0009065645076739666	0.12864313895307422	0.7650881421945993
PWY-6629: superpathway of L-tryptophan biosynthesis	0.007761085588425558	0.0071593038281948275	-0.0006017817602307308	0.12864313895307422	0.7650881421945993
PWY-6353: purine nucleotides degradation II (aerobic)	0.0012952290074316323	0.0021180274183491164	0.0008227984109174841	0.12864313895307422	0.7650881421945993
PWY-5973: cis-vaccenate biosynthesis	0.0061090630616060975	0.00744136402117919	0.0013323009595730927	0.12864313895307422	0.7650881421945993
PWY-7222: guanosine deoxyribonucleotides de novo biosynthesis II	0.003219500869575541	0.004126065377249508	0.0009065645076739666	0.12864313895307422	0.7650881421945993
PWY-7805: (aminomethyl)phosphonate degradation	0.0	2.6330730406919873e-05	2.6330730406919873e-05	0.15743148210930746	0.7673268627829303
P185-PWY: formaldehyde assimilation III (dihydroxyacetone cycle)	3.6131975297537796e-05	9.60313602978866e-05	5.98993850003488e-05	0.14872670833197588	0.7673268627829303
PWY66-391: fatty acid &beta;-oxidation VI (mammalian peroxisome)	8.3072541110375e-05	0.00022220570004336708	0.0001391331589329921	0.15971151594847344	0.7673268627829303
PWY-7953: UDP-N-acetylmuramoyl-pentapeptide biosynthesis III (meso-diaminopimelate containing)	0.01089023918356946	0.009407541524274745	-0.0014826976592947141	0.17146020606432733	0.7673268627829303
PWY-7791: UMP biosynthesis III	0.012906766415856733	0.010511773680251156	-0.0023949927356055768	0.17146020606432733	0.7673268627829303
PWY-7723: bacterial bioluminescence	2.0370025603793672e-05	0.0	-2.0370025603793672e-05	0.17005869679311447	0.7673268627829303
GLYCOL-GLYOXDEG-PWY: superpathway of glycol metabolism and degradation	0.0	7.3315778293229e-05	7.3315778293229e-05	0.14024353034541964	0.7673268627829303
PEPTIDOGLYCANSYN-PWY: peptidoglycan biosynthesis I (meso-diaminopimelate containing)	0.011637897609452942	0.009456498301929728	-0.002181399307523214	0.17146020606432733	0.7673268627829303
PWY-7616: methanol oxidation to carbon dioxide	0.0	2.101230315720503e-05	2.101230315720503e-05	0.13344827064841702	0.7673268627829303
PWY-7357: thiamine phosphate formation from pyrithiamine and oxythiamine (yeast)	0.006382642720810386	0.005201051253530139	-0.0011815914672802475	0.14887949369946915	0.7673268627829303
PWY-7013: (S)-propane-1,2-diol degradation	0.000145695128282554	0.0002901177640608968	0.0001444226357783428	0.14887949369946915	0.7673268627829303
PWY-5972: stearate biosynthesis I (animals)	1.7315614459940173e-05	4.1980247366473565e-05	2.4664632906533392e-05	0.14350094287250723	0.7673268627829303
THRESYN-PWY: superpathway of L-threonine biosynthesis	0.005751915022998172	0.0068740131205375565	0.0011220980975393847	0.17146020606432733	0.7673268627829303
PWY-7790: UMP biosynthesis II	0.012906766415856733	0.010511773680251156	-0.0023949927356055768	0.17146020606432733	0.7673268627829303
CITRULBIO-PWY: L-citrulline biosynthesis	0.002469558296060754	0.0031134332691023048	0.0006438749730415506	0.17146020606432733	0.7673268627829303
COA-PWY: coenzyme A biosynthesis I (prokaryotic)	0.009154910956458547	0.007693569874561229	-0.0014613410818973176	0.14887949369946915	0.7673268627829303
PWY-5686: UMP biosynthesis I	0.012906766415856733	0.010511773680251156	-0.0023949927356055768	0.17146020606432733	0.7673268627829303
PWY-5667: CDP-diacylglycerol biosynthesis I	0.009644974251554656	0.009079063575893833	-0.0005659106756608235	0.17146020606432733	0.7673268627829303
FASYN-INITIAL-PWY: superpathway of fatty acid biosynthesis initiation (E. coli)	0.0	2.161699171875592e-05	2.161699171875592e-05	0.13344827064841702	0.7673268627829303
HISTSYN-PWY: L-histidine biosynthesis	0.008912259623502991	0.00860172291533177	-0.00031053670817122146	0.17146020606432733	0.7673268627829303
FUC-RHAMCAT-PWY: superpathway of fucose and rhamnose degradation	0.0005540722756030034	0.001347246662693701	0.0007931743870906976	0.17146020606432733	0.7673268627829303
PWY-6386: UDP-N-acetylmuramoyl-pentapeptide biosynthesis II (lysine-containing)	0.012116506219800599	0.009778887478604805	-0.0023376187411957936	0.17146020606432733	0.7673268627829303
PWY0-1241: ADP-L-glycero-&beta;-D-manno-heptose biosynthesis	0.0005664983282747772	0.0008024111601936195	0.00023591283191884231	0.14887949369946915	0.7673268627829303
PWY-6387: UDP-N-acetylmuramoyl-pentapeptide biosynthesis I (meso-diaminopimelate containing)	0.012046735144391101	0.00965162111615134	-0.0023951140282397615	0.17146020606432733	0.7673268627829303
PWY0-1319: CDP-diacylglycerol biosynthesis II	0.009644974251554656	0.009079063575893833	-0.0005659106756608235	0.17146020606432733	0.7673268627829303
PWY-6906: chitin derivatives degradation	0.0011163404973897092	0.0015292891217519033	0.0004129486243621941	0.3619347669211923	0.7838375554581858
COLANSYN-PWY: colanic acid building blocks biosynthesis	0.003173868528925354	0.003244751530283224	7.08830013578703e-05	0.44741170200931846	0.7838375554581858
PWY-6936: seleno-amino acid biosynthesis (plants)	0.0031046211147809323	0.0028545395716734197	-0.0002500815431075126	0.2874954188691684	0.7838375554581858
PWY-6953: dTDP-3-acetamido-&alpha;-D-fucose biosynthesis	0.0	0.0	0.0	0.4244109057756026	0.7838375554581858
PWY-6969: TCA cycle V (2-oxoglutarate synthase)	0.0012263429386490134	0.0014751050006802991	0.00024876206203128574	0.2544505826463366	0.7838375554581858
PWY-6126: superpathway of adenosine nucleotides de novo biosynthesis II	0.0056110225771383825	0.006221850553837806	0.0006108279766994231	0.2544505826463366	0.7838375554581858
PWY-6992: 1,5-anhydrofructose degradation	4.670432394528191e-05	0.0	-4.670432394528191e-05	0.2647957628663181	0.7838375554581858
PWY-7117: C4 photosynthetic carbon assimilation cycle, PEPCK type	0.0006314330321076206	0.0008332145961669091	0.00020178156405928848	0.3233200091339151	0.7838375554581858
PWY-7000: kanamycin biosynthesis	0.0	0.0	0.0	0.4213795037428696	0.7838375554581858
PWY-6901: superpathway of glucose and xylose degradation	0.003774069636732532	0.004125140206530317	0.00035107056979778554	0.1965119202345007	0.7838375554581858
PWY-6282: palmitoleate biosynthesis I (from (5Z)-dodec-5-enoate)	0.0012950532152682696	0.0021502805695707322	0.0008552273543024627	0.2874954188691684	0.7838375554581858
PWY-7031: protein N-glycosylation (bacterial)	0.0	0.0	0.0	0.23191793615914058	0.7838375554581858
PWY-6385: peptidoglycan biosynthesis III (mycobacteria)	0.011385576722226252	0.009816840689918747	-0.001568736032307505	0.22414515405220226	0.7838375554581858
PWY-6318: L-phenylalanine degradation IV (mammalian, via side chain)	0.0	1.6616554931702395e-05	1.6616554931702395e-05	0.3505510502179118	0.7838375554581858
PWY-6122: 5-aminoimidazole ribonucleotide biosynthesis II	0.010049588335019975	0.00878683410530949	-0.0012627542297104846	0.40331756510948324	0.7838375554581858
PWY-6396: superpathway of 2,3-butanediol biosynthesis	0.0	0.0	0.0	0.4213795037428696	0.7838375554581858
PWY-6147: 6-hydroxymethyl-dihydropterin diphosphate biosynthesis I	0.003859998220104918	0.004928593419814533	0.001068595199709615	0.1965119202345007	0.7838375554581858
PWY-6151: S-adenosyl-L-methionine salvage I	0.00865468884000816	0.007670983908013058	-0.000983704931995101	0.44741170200931846	0.7838375554581858
CENTFERM-PWY: pyruvate fermentation to butanoate	0.0005460686272736936	0.00039093549885267555	-0.00015513312842101808	0.2544505826463366	0.7838375554581858
PWY-6595: superpathway of guanosine nucleotides degradation (plants)	0.00015217886184313057	0.00013063617357521632	-2.154268826791425e-05	0.40331756510948324	0.7838375554581858
PWY-6590: superpathway of Clostridium acetobutylicum acidogenic fermentation	0.0006982196005865174	0.0005014446596635495	-0.00019677494092296794	0.2544505826463366	0.7838375554581858
PWY-621: sucrose degradation III (sucrose invertase)	0.002535433766357839	0.0026688477298062426	0.00013341396344840372	0.22414515405220226	0.7838375554581858
PWY-6588: pyruvate fermentation to acetone	0.00017387123206091603	0.00012707970635167783	-4.6791525709238206e-05	0.3233200091339151	0.7838375554581858
PWY-6210: 2-aminophenol degradation	0.0	0.0	0.0	0.23191793615914058	0.7838375554581858
PWY-6641: superpathway of sulfolactate degradation	0.0	0.0	0.0	0.31487864133641996	0.7838375554581858
PWY-6305: superpathway of putrescine biosynthesis	0.0012254921822692397	0.0014382106770383042	0.00021271849476906446	0.1965119202345007	0.7838375554581858
PWY-6690: cinnamate and 3-hydroxycinnamate degradation to 2-hydroxypentadienoate	6.233994589754608e-05	0.00010144504484448467	3.9105098946938587e-05	0.36012262799165007	0.7838375554581858
PWY-6507: 4-deoxy-L-threo-hex-4-enopyranuronate degradation	0.0012316731727837417	0.0014961579234481386	0.0002644847506643969	0.2874954188691684	0.7838375554581858
PWY-6545: pyrimidine deoxyribonucleotides de novo biosynthesis III	0.0002795754400894362	0.0009879277305964989	0.0007083522905070626	0.22414515405220226	0.7838375554581858
PWY-6182: superpathway of salicylate degradation	0.0	0.0	0.0	0.3253612959420683	0.7838375554581858
PWY-6168: flavin biosynthesis III (fungi)	0.0020419169444843965	0.0025909579180806736	0.0005490409735962772	0.22414515405220226	0.7838375554581858
PWY-6519: 8-amino-7-oxononanoate biosynthesis I	0.0014969320479867043	0.0025920837520823975	0.0010951517040956931	0.2874954188691684	0.7838375554581858
PWY-6518: bile acids epimerization	0.0	0.0	0.0	0.31487864133641996	0.7838375554581858
PWY-6703: preQ0 biosynthesis	0.004632570711073245	0.006216517504948224	0.001583946793874979	0.2544505826463366	0.7838375554581858
COBALSYN-PWY: superpathway of adenosylcobalamin salvage from cobinamide I	0.003030465120937738	0.0031577638371917956	0.00012729871625405745	0.22414515405220226	0.7838375554581858
PWY-6807: xyloglucan degradation II (exoglucanase)	0.00010105800626125794	0.0001846422404706378	8.358423420937987e-05	0.24426895566019802	0.7838375554581858
PWY-6277: superpathway of 5-aminoimidazole ribonucleotide biosynthesis	0.010049588335019975	0.00878683410530949	-0.0012627542297104846	0.40331756510948324	0.7838375554581858
PWY-6531: mannitol cycle	0.00023362431386337874	0.0005323739299662849	0.00029874961610290617	0.22414515405220226	0.7838375554581858
PWY-6607: guanosine nucleotides degradation I	0.0001563982660958034	0.00013843361715240447	-1.7964648943398942e-05	0.44741170200931846	0.7838375554581858
FUCCAT-PWY: fucose degradation	0.00041398915190924714	0.0007474456921273446	0.00033345654021809746	0.3233200091339151	0.7838375554581858
PWY-7204: pyridoxal 5'-phosphate salvage II (plants)	4.395574214825644e-05	6.0905012512025786e-05	1.6949270363769346e-05	0.24813008083922006	0.7838375554581858
PWY0-1298: superpathway of pyrimidine deoxyribonucleosides degradation	0.0005762492384508041	0.0009410359192893274	0.00036478668083852334	0.2544505826463366	0.7838375554581858
PWY0-1338: polymyxin resistance	1.9156956366021388e-05	7.938508368199345e-05	6.022812731597206e-05	0.39703470162675125	0.7838375554581858
PWY0-1479: tRNA processing	0.0014398408302170522	0.0012105733245473722	-0.00022926750566967997	0.40331756510948324	0.7838375554581858
PWY0-1533: methylphosphonate degradation I	0.0	1.6577580693734292e-05	1.6577580693734292e-05	0.1940085310839258	0.7838375554581858
ANAEROFRUCAT-PWY: homolactic fermentation	0.0035634002418773133	0.0040127657438618	0.0004493655019844867	0.2874954188691684	0.7838375554581858
PWY0-42: 2-methylcitrate cycle I	3.0211812700535117e-05	5.8179584615610425e-05	2.7967771915075308e-05	0.4439650993897266	0.7838375554581858
ALLANTOINDEG-PWY: superpathway of allantoin degradation in yeast	0.0	0.0	0.0	0.31487864133641996	0.7838375554581858
PWY0-862: (5Z)-dodecenoate biosynthesis I	0.001308571638521075	0.002151636681129048	0.000843065042607973	0.2874954188691684	0.7838375554581858
PWY1G-0: mycothiol biosynthesis	0.0	0.0	0.0	0.2151519463565318	0.7838375554581858
PWY3O-4107: NAD salvage pathway V (PNC V cycle)	6.294348665702707e-05	0.00022340186114860655	0.0001604583744915795	0.31965400463862315	0.7838375554581858
PWY490-3: nitrate reduction VI (assimilatory)	0.0	0.0	0.0	0.31487864133641996	0.7838375554581858
AEROBACTINSYN-PWY: aerobactin biosynthesis	0.0	0.0	0.0	0.3455476897605495	0.7838375554581858
PWY4LZ-257: superpathway of fermentation (Chlamydomonas reinhardtii)	0.0004661729703089815	0.0006143112474316229	0.00014813827712264143	0.2874954188691684	0.7838375554581858
PWY5F9-12: biphenyl degradation	0.0	0.0	0.0	0.4213795037428696	0.7838375554581858
PWY66-399: gluconeogenesis III	0.0014807992150248964	0.0008724320097045855	-0.000608367205320311	0.1965119202345007	0.7838375554581858
PWY66-409: superpathway of purine nucleotide salvage	0.0011030608413306945	0.0016591988866292227	0.0005561380452985282	0.3233200091339151	0.7838375554581858
PWY66-430: myristate biosynthesis (mitochondria)	0.0	4.3941895014070864e-05	4.3941895014070864e-05	0.36030300691381123	0.7838375554581858
PYRIDNUCSAL-PWY: NAD salvage pathway I (PNC VI cycle)	8.514736296789644e-05	0.000276648815006609	0.00019150145203871257	0.35829558403138884	0.7838375554581858
1CMET2-PWY: folate transformations III (E. coli)	0.008214372231043173	0.008633722565461115	0.0004193503344179419	0.44741170200931846	0.7838375554581858
SALVADEHYPOX-PWY: adenosine nucleotides degradation II	0.0010552524793648191	0.0013361445526667217	0.00028089207330190256	0.22414515405220226	0.7838375554581858
SER-GLYSYN-PWY: superpathway of L-serine and glycine biosynthesis I	0.005423650815413053	0.006111099207011729	0.0006874483915986756	0.1965119202345007	0.7838375554581858
SO4ASSIM-PWY: assimilatory sulfate reduction I	0.00034250638980403233	0.000622044157971474	0.00027953776816744166	0.44672741820466666	0.7838375554581858
SULFATE-CYS-PWY: superpathway of sulfate assimilation and cysteine biosynthesis	0.0006816584688430718	0.0012221190472844884	0.0005404605784414166	0.44672741820466666	0.7838375554581858
THISYN-PWY: superpathway of thiamine diphosphate biosynthesis I	0.005291594088857546	0.005894536802685761	0.0006029427138282157	0.2544505826463366	0.7838375554581858
THREOCAT-PWY: superpathway of L-threonine metabolism	0.0	0.0	0.0	0.24649909731008457	0.7838375554581858
UDPNAGSYN-PWY: UDP-N-acetyl-D-glucosamine biosynthesis I	0.003604371064982289	0.0031308132063839807	-0.0004735578585983082	0.1965119202345007	0.7838375554581858
URDEGR-PWY: superpathway of allantoin degradation in plants	0.0	0.0	0.0	0.4259350551023885	0.7838375554581858
PWY0-1297: superpathway of purine deoxyribonucleosides degradation	0.0006134688812364926	0.0010209367860303765	0.0004074679047938839	0.2874954188691684	0.7838375554581858
ANAGLYCOLYSIS-PWY: glycolysis III (from glucose)	0.009054852343835063	0.008281425660402577	-0.0007734266834324866	0.1965119202345007	0.7838375554581858
PWY0-1261: anhydromuropeptides recycling I	0.0015212149013517243	0.0017885782153728908	0.00026736331402116655	0.3619347669211923	0.7838375554581858
PWY-I9: L-cysteine biosynthesis VI (from L-methionine)	0.0013637597123361243	0.001958403779689359	0.0005946440673532348	0.3233200091339151	0.7838375554581858
PWY-7221: guanosine ribonucleotides de novo biosynthesis	0.010869756353713114	0.010240189676243232	-0.0006295666774698821	0.3619347669211923	0.7838375554581858
PWY-7229: superpathway of adenosine nucleotides de novo biosynthesis I	0.006767044136098493	0.0075051987420232565	0.000738154605924763	0.44741170200931846	0.7838375554581858
PWY-7237: myo-, chiro- and scyllo-inositol degradation	0.005686196316105597	0.003395532865819827	-0.0022906634502857697	0.2874954188691684	0.7838375554581858
PWY-7245: superpathway of NAD/NADP - NADH/NADPH interconversion (yeast)	0.0	0.0	0.0	0.3922900298229379	0.7838375554581858
PWY-724: superpathway of L-lysine, L-threonine and L-methionine biosynthesis II	0.007572766473465256	0.0073604361279284705	-0.0002123303455367851	0.22414515405220226	0.7838375554581858
PWY-7268: cytosolic NADPH production (yeast)	0.0	0.0	0.0	0.3922900298229379	0.7838375554581858
BRANCHED-CHAIN-AA-SYN-PWY: superpathway of branched chain amino acid biosynthesis	0.008565449510403172	0.008255599352572522	-0.00030985015783065	0.2874954188691684	0.7838375554581858
PWY-7317: superpathway of dTDP-glucose-derived O-antigen building blocks biosynthesis	0.0	0.0	0.0	0.4213795037428696	0.7838375554581858
PWY-7332: superpathway of UDP-N-acetylglucosamine-derived O-antigen building blocks biosynthesis	0.0	0.0	0.0	0.3922900298229379	0.7838375554581858
PWY-7340: 9-cis, 11-trans-octadecadienoyl-CoA degradation (isomerase-dependent, yeast)	1.304477159764269e-05	6.823249179009994e-05	5.518772019245725e-05	0.43249540680876053	0.7838375554581858
ARGININE-SYN4-PWY: L-ornithine biosynthesis II	0.003729057583067404	0.005174074118204667	0.0014450165351372634	0.22414515405220226	0.7838375554581858
PWY-7388: octanoyl-[acyl-carrier protein] biosynthesis (mitochondria, yeast)	0.0	4.1966805008604045e-05	4.1966805008604045e-05	0.36030300691381123	0.7838375554581858
PWY-7399: methylphosphonate degradation II	0.0	0.0	0.0	0.4213795037428696	0.7838375554581858
PWY-7198: pyrimidine deoxyribonucleotides de novo biosynthesis IV	0.00046279920966038016	0.0008127781187624182	0.00034997890910203804	0.3619347669211923	0.7838375554581858
PWY-7434: terminal O-glycans residues modification (via type 2 precursor disaccharide)	0.0	0.0	0.0	0.4468183342359202	0.7838375554581858
PWY-7807: glyphosate degradation III	0.0	2.8303362927598795e-05	2.8303362927598795e-05	0.1940085310839258	0.7838375554581858
PWY-7874: L-threonate degradation	0.0	2.441402225870998e-05	2.441402225870998e-05	0.3505510502179118	0.7838375554581858
PWY-7942: 5-oxo-L-proline metabolism	8.671309252200118e-05	0.00033442588016451805	0.0002477127876425169	0.35829558403138884	0.7838375554581858
ARG+POLYAMINE-SYN: superpathway of arginine and polyamine biosynthesis	0.0014592509423472927	0.0019798571411387854	0.0005206061987914927	0.44741170200931846	0.7838375554581858
PWY-8173: anteiso-branched-chain fatty acid biosynthesis	0.0	0.0	0.0	0.4213795037428696	0.7838375554581858
PWY-8174: odd iso-branched-chain fatty acid biosynthesis	0.0	0.0	0.0	0.4213795037428696	0.7838375554581858
PWY-8175: even iso-branched-chain fatty acid biosynthesis	0.0	0.0	0.0	0.4213795037428696	0.7838375554581858
PWY-8178: pentose phosphate pathway (non-oxidative branch) II	0.00658715081865419	0.005743001431184609	-0.0008441493874695814	0.3619347669211923	0.7838375554581858
PWY-8187: L-arginine degradation XIII (reductive Stickland reaction)	0.001927530380931388	0.0024168684269505808	0.0004893380460191928	0.44741170200931846	0.7838375554581858
PWY-8188: L-alanine degradation VI (reductive Stickland reaction)	8.349090252639192e-05	2.5400921746832833e-05	-5.808998077955909e-05	0.41884181043961866	0.7838375554581858
PWY-8189: L-alanine degradation V (oxidative Stickland reaction)	8.349090252639192e-05	2.5400921746832833e-05	-5.808998077955909e-05	0.41884181043961866	0.7838375554581858
PWY-841: superpathway of purine nucleotides de novo biosynthesis I	0.005557357006717041	0.006319377678858722	0.0007620206721416813	0.44741170200931846	0.7838375554581858
PWY-922: mevalonate pathway I (eukaryotes and bacteria)	0.0	0.0	0.0	0.4213795037428696	0.7838375554581858
PWY-7664: oleate biosynthesis IV (anaerobic)	0.0014752683695105487	0.0024114584692951475	0.0009361900997845987	0.2874954188691684	0.7838375554581858
BIOTIN-BIOSYNTHESIS-PWY: biotin biosynthesis I	0.0018087939763487767	0.0029603715231125696	0.0011515775467637929	0.22414515405220226	0.7838375554581858
12DICHLORETHDEG-PWY: 1,2-dichloroethane degradation	0.0	0.0	0.0	0.31487864133641996	0.7838375554581858
PROPFERM-PWY: superpathway of L-alanine fermentation (Stickland reaction)	8.349090252639192e-05	2.5400921746832833e-05	-5.808998077955909e-05	0.41884181043961866	0.7838375554581858
GLYCOCAT-PWY: glycogen degradation I	0.0017257404929923873	0.0023808313872840966	0.0006550908942917094	0.2874954188691684	0.7838375554581858
GLYOXYLATE-BYPASS: glyoxylate cycle	0.0003962439487304092	0.0006292816496062622	0.00023303770087585303	0.4026091816931572	0.7838375554581858
PWY-5692: allantoin degradation to glyoxylate II	0.0	0.0	0.0	0.4259350551023885	0.7838375554581858
FASYN-ELONG-PWY: fatty acid elongation -- saturated	0.0016311062746823515	0.0026516052453774666	0.001020498970695115	0.2874954188691684	0.7838375554581858
PWY-5022: 4-aminobutanoate degradation V	0.000363994734519764	0.0005637016947556877	0.00019970696023592367	0.2874954188691684	0.7838375554581858
PWY-5677: succinate fermentation to butanoate	0.0	3.0072634797348753e-05	3.0072634797348753e-05	0.4257300381543707	0.7838375554581858
HEMESYN2-PWY: heme b biosynthesis II (oxygen-independent)	0.00039973538414361716	0.0004904228203552254	9.068743621160822e-05	0.2874954188691684	0.7838375554581858
PWY-5656: mannosylglycerate biosynthesis I	6.361780501602582e-05	8.555221406066062e-05	2.1934409044634804e-05	0.35829558403138884	0.7838375554581858
PWY-5505: L-glutamate and L-glutamine biosynthesis	0.0014216288798700569	0.001379393175611315	-4.223570425874188e-05	0.3233200091339151	0.7838375554581858
HEXITOLDEGSUPER-PWY: superpathway of hexitol degradation (bacteria)	0.00014742165064097953	0.00030319108704327647	0.00015576943640229694	0.2810740892001662	0.7838375554581858
P161-PWY: acetylene degradation (anaerobic)	0.00039986353446531215	0.0006222699907954141	0.00022240645633010193	0.3233200091339151	0.7838375554581858
PWY-5494: pyruvate fermentation to propanoate II (acrylate pathway)	3.900515345449182e-05	1.1436233826230063e-05	-2.7568919628261757e-05	0.41884181043961866	0.7838375554581858
ILEUSYN-PWY: L-isoleucine biosynthesis I (from threonine)	0.008560985571130842	0.008115196380443609	-0.0004457891906872336	0.2544505826463366	0.7838375554581858
PWY-5464: superpathway of cytosolic glycolysis (plants), pyruvate dehydrogenase and TCA cycle	0.0	0.0	0.0	0.4213795037428696	0.7838375554581858
PWY-5415: catechol degradation I (meta-cleavage pathway)	0.0	0.0	0.0	0.4213795037428696	0.7838375554581858
P124-PWY: Bifidobacterium shunt	0.00023670735847761858	0.00018921628562409488	-4.749107285352371e-05	0.3617542183228397	0.7838375554581858
DARABCATK12-PWY: D-arabinose degradation I	0.0	2.1944553776562782e-05	2.1944553776562782e-05	0.3265134493950982	0.7838375554581858
ORNDEG-PWY: superpathway of ornithine degradation	0.00011704110199141266	0.00035803921203664886	0.0002409981100452362	0.25265917649973724	0.7838375554581858
OANTIGEN-PWY: O-antigen building blocks biosynthesis (E. coli)	0.0052144247522425465	0.004036170710710425	-0.0011782540415321216	0.1965119202345007	0.7838375554581858
LACTOSECAT-PWY: lactose and galactose degradation I	0.00010037831869242882	5.3602133798729555e-05	-4.677618489369926e-05	0.3233200091339151	0.7838375554581858
PWY-5345: superpathway of L-methionine biosynthesis (by sulfhydrylation)	0.0008330697675033258	0.0014886905276165568	0.0006556207601132309	0.44672741820466666	0.7838375554581858
PWY-5265: peptidoglycan biosynthesis II (staphylococci)	0.0	0.0	0.0	0.19219654922469598	0.7838375554581858
LIPA-CORESYN-PWY: lipid A-core biosynthesis (E. coli K-12)	0.0	1.255113436297726e-05	1.255113436297726e-05	0.3940225089872337	0.7838375554581858
LIPASYN-PWY: phospholipases	0.0	0.0	0.0	0.27714413370106783	0.7838375554581858
LPSSYN-PWY: superpathway of lipopolysaccharide biosynthesis	0.0	4.6269860481738957e-05	4.6269860481738957e-05	0.21223694155938155	0.7838375554581858
NAD-BIOSYNTHESIS-II: NAD salvage pathway III (to nicotinamide riboside)	4.63481299345931e-05	4.371623991661063e-05	-2.6318900179824657e-06	0.39975089850631507	0.7838375554581858
PWY-5180: toluene degradation I (aerobic) (via o-cresol)	0.0	0.0	0.0	0.4213795037428696	0.7838375554581858
PWY-5005: biotin biosynthesis II	0.0006038036954190177	0.0005422560098541358	-6.15476855648819e-05	0.2542719575161194	0.7838375554581858
PWY-3841: folate transformations II (plants)	0.010635182702404228	0.009951115241479496	-0.0006840674609247324	0.2874954188691684	0.7838375554581858
HCAMHPDEG-PWY: 3-phenylpropanoate and 3-(3-hydroxyphenyl)propanoate degradation to 2-hydroxypentadienoate	6.233994589754608e-05	0.00010144504484448467	3.9105098946938587e-05	0.36012262799165007	0.7838375554581858
METHGLYUT-PWY: superpathway of methylglyoxal degradation	2.3204960316528314e-05	4.259552244401267e-05	1.9390562127484354e-05	0.31686738120738034	0.7838375554581858
GALACTITOLCAT-PWY: galactitol degradation	6.327053239175473e-05	9.7931764972713e-05	3.4661232580958276e-05	0.24813008083922006	0.7838375554581858
DHGLUCONATE-PYR-CAT-PWY: glucose degradation (oxidative)	0.0	0.0	0.0	0.31487864133641996	0.7838375554581858
PWY-1501: mandelate degradation I	0.0	0.0	0.0	0.31487864133641996	0.7838375554581858
GALACTUROCAT-PWY: D-galacturonate degradation I	0.0013165573467339633	0.0016687384000915058	0.0003521810533575426	0.3619347669211923	0.7838375554581858
PENTOSE-P-PWY: pentose phosphate pathway	0.0029118597422876694	0.004121552973122936	0.0012096932308352667	0.3233200091339151	0.7838375554581858
PWY-5862: superpathway of demethylmenaquinol-9 biosynthesis	0.0003152343722996355	0.0009101061583643693	0.0005948717860647338	0.3233200091339151	0.7838375554581858
GLCMANNANAUT-PWY: superpathway of N-acetylglucosamine, N-acetylmannosamine and N-acetylneuraminate degradation	0.0026260492510834085	0.002111090255200077	-0.0005149589958833314	0.2874954188691684	0.7838375554581858
PWY-1042: glycolysis IV	0.01058795651208508	0.010022340604234682	-0.0005656159078503975	0.1965119202345007	0.7838375554581858
GLUCARDEG-PWY: D-glucarate degradation I	0.00012449234412123587	0.0002708241558341074	0.00014633181171287154	0.3619347669211923	0.7838375554581858
POLYAMSYN-PWY: superpathway of polyamine biosynthesis I	0.0008074974756062411	0.001261422866349825	0.00045392539074358396	0.2874954188691684	0.7838375554581858
PWY-5910: superpathway of geranylgeranyldiphosphate biosynthesis I (via mevalonate)	0.0	0.0	0.0	0.4213795037428696	0.7838375554581858
PWY-5989: stearate biosynthesis II (bacteria and plants)	0.0012816192233212488	0.0021541905330214545	0.0008725713097002057	0.2874954188691684	0.7838375554581858
GLUCARGALACTSUPER-PWY: superpathway of D-glucarate and D-galactarate degradation	0.00033261135518562144	0.0004994822690477191	0.00016687091386209766	0.40331756510948324	0.7838375554581858
GALACT-GLUCUROCAT-PWY: superpathway of hexuronide and hexuronate degradation	0.0009082119818270745	0.0012022186468622167	0.00029400666503514217	0.44741170200931846	0.7838375554581858
GALACTARDEG-PWY: D-galactarate degradation I	0.00033261135518562144	0.0004994822690477191	0.00016687091386209766	0.40331756510948324	0.7838375554581858
PWY-5971: palmitate biosynthesis (type II fatty acid synthase)	0.0015484002054100838	0.0018752994899121956	0.0003268992845021118	0.3225912796413206	0.7838375554581858
P461-PWY: hexitol fermentation to lactate, formate, ethanol and acetate	0.0005765432573518348	0.000732900090199537	0.00015635683284770212	0.3619347669211923	0.7838375554581858
PWY-5845: superpathway of menaquinol-9 biosynthesis	0.0004520252362817684	0.0012644391202183284	0.0008124138839365599	0.3619347669211923	0.7838375554581858
CRNFORCAT-PWY: creatinine degradation I	0.0	0.0	0.0	0.4213795037428696	0.7838375554581858
PWY-241: C4 photosynthetic carbon assimilation cycle, NADP-ME type	0.0005748705764066137	0.0007154747733211912	0.00014060419691457743	0.3619347669211923	0.7838375554581858
P562-PWY: myo-inositol degradation I	0.0	0.0	0.0	0.4213795037428696	0.7838375554581858
PWY-2221: Entner-Doudoroff pathway III (semi-phosphorylative)	0.0	0.0	0.0	0.31487864133641996	0.7838375554581858
ORNARGDEG-PWY: superpathway of L-arginine and L-ornithine degradation	0.0	0.0	0.0	0.49270830652702735	0.8062970905161994
PWY-5913: partial TCA cycle (obligate autotrophs)	0.0004065986856294062	0.0004992163042994482	9.261761867004198e-05	0.4941245444092638	0.8062970905161994
ARGDEG-PWY: superpathway of L-arginine, putrescine, and 4-aminobutanoate degradation	0.0	0.0	0.0	0.49270830652702735	0.8062970905161994
PWY-6803: phosphatidylcholine acyl editing	0.00017057659423185995	0.00047958970215802356	0.0003090131079261636	0.49347392232093357	0.8062970905161994
PWY-7118: chitin deacetylation	0.00016553841964344704	0.000196856253523953	3.131783388050596e-05	0.49249331825201614	0.8062970905161994
PWY-7111: pyruvate fermentation to isobutanol (engineered)	0.006452573723876089	0.006163758696977208	-0.0002888150268988811	0.4941245444092638	0.8062970905161994
PWY0-1061: superpathway of L-alanine biosynthesis	0.0011278810418441987	0.0007973990890320403	-0.0003304819528121585	0.4941245444092638	0.8062970905161994
PWY-5431: aromatic compounds degradation via &beta;-ketoadipate	0.0	0.0	0.0	0.47574305030886777	0.8062970905161994
PWY-5837: 2-carboxy-1,4-naphthoquinol biosynthesis	0.00025555386560494005	0.00045750722884256573	0.00020195336323762568	0.4941245444092638	0.8062970905161994
GLUDEG-I-PWY: GABA shunt	0.0003760650949407453	0.00041282178737159984	3.6756692430854555e-05	0.49396212133656425	0.8062970905161994
PWY-6470: peptidoglycan biosynthesis V (&beta;-lactam resistance)	0.0005582283480496851	0.0007111291240065087	0.00015290077595682362	0.4941245444092638	0.8062970905161994
GLUCUROCAT-PWY: superpathway of &beta;-D-glucuronosides degradation	0.0015508771332332532	0.0018973554092639603	0.0003464782760307071	0.4941245444092638	0.8062970905161994
PWY-5417: catechol degradation III (ortho-cleavage pathway)	0.0	0.0	0.0	0.47574305030886777	0.8062970905161994
PANTO-PWY: phosphopantothenate biosynthesis I	0.007468666611124276	0.007975719880887256	0.0005070532697629805	0.4941245444092638	0.8062970905161994
PWY-5676: acetyl-CoA fermentation to butanoate II	0.0004215118483861998	0.0006427864628430276	0.0002212746144568278	0.4941245444092638	0.8062970905161994
PWY66-389: phytol degradation	8.538723787584405e-05	0.00015636281647976794	7.097557860392389e-05	0.4908463908948316	0.8062970905161994
DAPLYSINESYN-PWY: L-lysine biosynthesis I	0.0012187253613756234	0.0013155335031692092	9.680814179358586e-05	0.4941245444092638	0.8062970905161994
PWY-7883: anhydromuropeptides recycling II	0.00022157667754406387	0.00025059246998372284	2.901579243965897e-05	0.4941245444092638	0.8062970905161994
PWY-7688: dTDP-&alpha;-D-ravidosamine and dTDP-4-acetyl-&alpha;-D-ravidosamine biosynthesis	3.182229370026101e-05	0.0	-3.182229370026101e-05	0.4650347383727762	0.8062970905161994
PWY-7396: butanol and isobutanol biosynthesis (engineered)	0.0	0.0	0.0	0.5491100953433465	0.8164400101815548
AST-PWY: L-arginine degradation II (AST pathway)	3.241912714232922e-05	0.00011476209068897603	8.234296354664681e-05	0.5418037596821981	0.8164400101815548
PWY0-1221: putrescine degradation II	0.0	0.0	0.0	0.5483351958299443	0.8164400101815548
P221-PWY: octane oxidation	0.0	3.673039943435427e-05	3.673039943435427e-05	0.5046511948235304	0.8164400101815548
PWY-3801: sucrose degradation II (sucrose synthase)	0.0	0.0	0.0	0.5491100953433465	0.8164400101815548
PWY-822: fructan biosynthesis	0.0	0.0	0.0	0.5483351958299443	0.8164400101815548
PWY0-1277: 3-phenylpropanoate and 3-(3-hydroxyphenyl)propanoate degradation	0.00013233144079386524	0.0001865907825323325	5.4259341738467274e-05	0.5418037596821981	0.8164400101815548
PWY-5028: L-histidine degradation II	0.0	0.0	0.0	0.5411656457029764	0.8164400101815548
PWY-7234: inosine-5'-phosphate biosynthesis III	0.0020957215279017536	0.002018037991216318	-7.768353668543551e-05	0.5433269342132927	0.8164400101815548
PWY-5367: petroselinate biosynthesis	0.00012004811083274213	0.00016573155802457	4.568344719182788e-05	0.5427194768728283	0.8164400101815548
PWY-5861: superpathway of demethylmenaquinol-8 biosynthesis I	0.0005482444443980294	0.0009457331559298072	0.0003974887115317778	0.5433269342132927	0.8164400101815548
PYRIDNUCSYN-PWY: NAD de novo biosynthesis I (from aspartate)	0.006119875247873318	0.006530760036132932	0.0004108847882596141	0.5433269342132927	0.8164400101815548
PWY-5860: superpathway of demethylmenaquinol-6 biosynthesis I	0.00024073939704865184	0.0006675037314045291	0.0004267643343558773	0.5418037596821981	0.8164400101815548
PWY-5897: superpathway of menaquinol-11 biosynthesis	0.0007140188704766222	0.0011903824664646402	0.000476363595988018	0.5433269342132927	0.8164400101815548
PWY-5838: superpathway of menaquinol-8 biosynthesis I	0.0007913110635794193	0.0013101529078035036	0.0005188418442240842	0.5433269342132927	0.8164400101815548
PWY0-301: L-ascorbate degradation I (bacterial, anaerobic)	0.00014646826365346513	0.00012666115177636583	-1.9807111877099295e-05	0.5427194768728283	0.8164400101815548
PWY-5654: 2-amino-3-carboxymuconate semialdehyde degradation to 2-hydroxypentadienoate	0.0	0.0	0.0	0.5411656457029764	0.8164400101815548
PWY-6876: isopropanol biosynthesis (engineered)	0.0	2.1292267190219655e-05	2.1292267190219655e-05	0.5426450668530226	0.8164400101815548
PWY-5898: superpathway of menaquinol-12 biosynthesis	0.0007140188704766222	0.0011903824664646402	0.000476363595988018	0.5433269342132927	0.8164400101815548
PWY-5896: superpathway of menaquinol-10 biosynthesis	0.00035499146054593703	0.0009459886025921273	0.0005909971420461902	0.5418037596821981	0.8164400101815548
TRPSYN-PWY: L-tryptophan biosynthesis	0.006162031136749571	0.005637168223739176	-0.0005248629130103948	0.5433269342132927	0.8164400101815548
RIBOSYN2-PWY: flavin biosynthesis I (bacteria and plants)	0.0064101594549245905	0.006084685179786853	-0.0003254742751377373	0.5433269342132927	0.8164400101815548
PWY-6902: chitin degradation II (Vibrio)	0.001252534525080806	0.0007210142167215907	-0.0005315203083592152	0.5433269342132927	0.8164400101815548
PWY-5920: superpathway of heme b biosynthesis from glycine	0.00011530094127092421	0.0001602429624120952	4.4942021141170985e-05	0.516843891499795	0.8164400101815548
PWY-5850: superpathway of menaquinol-6 biosynthesis	0.00035499146054593703	0.0009459886025921273	0.0005909971420461902	0.5418037596821981	0.8164400101815548
PWY-5899: superpathway of menaquinol-13 biosynthesis	0.0007140188704766222	0.0011903824664646402	0.000476363595988018	0.5433269342132927	0.8164400101815548
PWY1ZNC-1: assimilatory sulfate reduction IV	0.0002828046444708277	0.00040708966031382095	0.00012428501584299322	0.5433269342132927	0.8164400101815548
PWY0-41: allantoin degradation IV (anaerobic)	0.0	2.126519992675274e-05	2.126519992675274e-05	0.5604739116001303	0.8278895687688199
PWY-5747: 2-methylcitrate cycle II	0.0	0.0	0.0	0.5604739116001303	0.8278895687688199
MET-SAM-PWY: superpathway of S-adenosyl-L-methionine biosynthesis	0.00037883167696151846	0.0005793543423551837	0.00020052266539366526	0.5686660222491573	0.829151748569739
METSYN-PWY: superpathway of L-homoserine and L-methionine biosynthesis	0.0003354013032755071	0.0005259043143741401	0.000190503011098633	0.5686660222491573	0.829151748569739
PWY-5347: superpathway of L-methionine biosynthesis (transsulfuration)	0.0003745373930374773	0.0005944604034511005	0.00021992301041362327	0.5686660222491573	0.829151748569739
HOMOSER-METSYN-PWY: L-methionine biosynthesis I	0.0001944210416793196	0.00030774361331181266	0.00011332257163249306	0.5686660222491573	0.829151748569739
PWY-561: superpathway of glyoxylate cycle and fatty acid degradation	0.0002491744946713123	0.000602154423482916	0.0003529799288116037	0.5942983473258974	0.8428644123897275
P4-PWY: superpathway of L-lysine, L-threonine and L-methionine biosynthesis I	0.0005468484880911708	0.0005483548055015554	1.5063174103845112e-06	0.5942983473258974	0.8428644123897275
PWY-7199: pyrimidine deoxyribonucleosides salvage	0.008025222771601666	0.0080509639299782	2.5741158376533374e-05	0.5948534237883254	0.8428644123897275
PWY-6185: 4-methylcatechol degradation (ortho cleavage)	0.0	0.0	0.0	0.5927366488153336	0.8428644123897275
P105-PWY: TCA cycle IV (2-oxoglutarate decarboxylase)	0.00018822825583376132	0.0004958990464595836	0.0003076707906258223	0.5934614549777448	0.8428644123897275
PWY-7242: D-fructuronate degradation	0.0011362935758182555	0.0014943284466545892	0.00035803487083633373	0.5948534237883254	0.8428644123897275
PWY-7345: superpathway of anaerobic sucrose degradation	0.0023568730402330927	0.002426930793591797	7.005775335870452e-05	0.5948534237883254	0.8428644123897275
PWY-6961: L-ascorbate degradation II (bacterial, aerobic)	0.00012048789145136329	9.619463382168934e-05	-2.4293257629673948e-05	0.5942983473258974	0.8428644123897275
PWY-6270: isoprene biosynthesis I	0.005307525824201787	0.004840790767315952	-0.0004667350568858348	0.5948534237883254	0.8428644123897275
PWY-7560: methylerythritol phosphate pathway II	0.005062005949391031	0.004889413773410859	-0.00017259217598017147	0.648503379652976	0.8521032779161196
POLYAMINSYN3-PWY: superpathway of polyamine biosynthesis II	0.00031699312485562953	0.0004335361281737761	0.00011654300331814658	0.6472644739213036	0.8521032779161196
PWY-7820: teichuronic acid biosynthesis (B. subtilis 168)	0.0	0.0	0.0	0.6176067020336474	0.8521032779161196
GLUCONEO-PWY: gluconeogenesis I	0.003224382239405409	0.0023900380188807253	-0.0008343442205246839	0.648503379652976	0.8521032779161196
P441-PWY: superpathway of N-acetylneuraminate degradation	0.0011773690230200255	0.0013513547960595602	0.0001739857730395347	0.648503379652976	0.8521032779161196
FOLSYN-PWY: superpathway of tetrahydrofolate biosynthesis and salvage	0.00020918310554713174	0.00032973392214459253	0.0001205508165974608	0.648503379652976	0.8521032779161196
HEME-BIOSYNTHESIS-II-1: heme b biosynthesis V (aerobic)	0.00014533660537535662	0.00021993128696104337	7.459468158568675e-05	0.6480093824759315	0.8521032779161196
PWY0-781: aspartate superpathway	0.0005744511248349437	0.0005714304855439088	-3.0206392910348857e-06	0.6480093824759315	0.8521032779161196
KDO-NAGLIPASYN-PWY: superpathway of (Kdo)2-lipid A biosynthesis	2.5619067209803854e-05	4.75156474591647e-05	2.1896580249360847e-05	0.6413922536727961	0.8521032779161196
PWY0-166: superpathway of pyrimidine deoxyribonucleotides de novo biosynthesis (E. coli)	0.0002847410004411474	0.00042535422358334663	0.0001406132231421992	0.6480093824759315	0.8521032779161196
NONOXIPENT-PWY: pentose phosphate pathway (non-oxidative branch) I	0.004964367189151923	0.004328883634367573	-0.0006354835547843505	0.648503379652976	0.8521032779161196
FAO-PWY: fatty acid &beta;-oxidation I (generic)	0.00013022294780797288	0.0002347136553807314	0.00010449070757275852	0.6167525939251408	0.8521032779161196
PWY0-162: superpathway of pyrimidine ribonucleotides de novo biosynthesis	0.004212328743942974	0.0033239292205183785	-0.0008883995234245951	0.648503379652976	0.8521032779161196
PWY0-1415: superpathway of heme b biosynthesis from uroporphyrinogen-III	0.00015332888851619597	0.00023603406668450732	8.270517816831135e-05	0.6480093824759315	0.8521032779161196
TCA: TCA cycle I (prokaryotic)	0.0004434759660076755	0.0008199607122735501	0.0003764847462658746	0.6472644739213036	0.8521032779161196
PWY-5981: CDP-diacylglycerol biosynthesis III	7.93844641837142e-05	8.225745948922576e-05	2.872995305511561e-06	0.6472644739213036	0.8521032779161196
PWY-7323: superpathway of GDP-mannose-derived O-antigen building blocks biosynthesis	0.002556194455108521	0.002489600389086847	-6.659406602167392e-05	0.648503379652976	0.8521032779161196
PWY-5138: fatty acid &beta;-oxidation IV (unsaturated, even number)	8.45877139187624e-05	0.00015591739339382405	7.132967947506165e-05	0.6167525939251408	0.8521032779161196
PWY-7197: pyrimidine deoxyribonucleotide phosphorylation	0.002485115719559674	0.002386984868115147	-9.813085144452696e-05	0.648503379652976	0.8521032779161196
PWY-5104: L-isoleucine biosynthesis IV	6.901380083632916e-05	9.333730521365997e-05	2.4323504377330812e-05	0.6413922536727961	0.8521032779161196
PWY-5189: tetrapyrrole biosynthesis II (from glycine)	0.0001190560195444514	0.00015380468108843726	3.474866154398585e-05	0.6201087683189999	0.8521032779161196
PWY-6612: superpathway of tetrahydrofolate biosynthesis	0.0001403324517938186	0.00022238011515105587	8.204766335723727e-05	0.648503379652976	0.8521032779161196
PWY-5840: superpathway of menaquinol-7 biosynthesis	0.0004383983259429103	0.0009459886025921273	0.000507590276649217	0.648503379652976	0.8521032779161196
PWY-7208: superpathway of pyrimidine nucleobases salvage	0.0037565897500091215	0.0039154200588754975	0.00015883030886637605	0.648503379652976	0.8521032779161196
PWY-6124: inosine-5'-phosphate biosynthesis II	0.00638978198769137	0.0069780021203453765	0.0005882201326540062	0.648503379652976	0.8521032779161196
PROTOCATECHUATE-ORTHO-CLEAVAGE-PWY: protocatechuate degradation II (ortho-cleavage pathway)	0.0	0.0	0.0	0.655793200016012	0.8591841345137317
PWY-6284: superpathway of unsaturated fatty acids biosynthesis (E. coli)	0.00038396502707582195	0.00028950844709688876	-9.445657997893318e-05	0.7036180025698346	0.8647484251227446
PWY-7209: superpathway of pyrimidine ribonucleosides degradation	8.45790598559389e-05	7.380241319120351e-05	-1.0776646664735384e-05	0.7029771150017945	0.8647484251227446
PWY-6123: inosine-5'-phosphate biosynthesis I	0.006995205874906184	0.007503201462128296	0.0005079955872221119	0.7040429655866594	0.8647484251227446
PWY-8190: L-glutamate degradation XI (reductive Stickland reaction)	0.0	0.0	0.0	0.6733899352717868	0.8647484251227446
PWY-4984: urea cycle	0.0019347505921383187	0.002685785960818221	0.0007510353686799023	0.7040429655866594	0.8647484251227446
CATECHOL-ORTHO-CLEAVAGE-PWY: catechol degradation to &beta;-ketoadipate	0.0	0.0	0.0	0.6995860741109252	0.8647484251227446
PPGPPMET-PWY: ppGpp metabolism	0.00020137439089332873	0.0001534944855804729	-4.787990531285584e-05	0.6759378872408122	0.8647484251227446
ECASYN-PWY: enterobacterial common antigen biosynthesis	5.6606338435585864e-05	4.8630875856297706e-05	-7.975462579288158e-06	0.7036180025698346	0.8647484251227446
PWY-7115: C4 photosynthetic carbon assimilation cycle, NAD-ME type	0.0003610245663272458	0.00048350869739664413	0.00012248413106939835	0.7040429655866594	0.8647484251227446
PWY-5154: L-arginine biosynthesis III (via N-acetyl-L-citrulline)	0.005345021874671761	0.005339033332608795	-5.9885420629667355e-06	0.7040429655866594	0.8647484251227446
KETOGLUCONMET-PWY: ketogluconate metabolism	0.0	8.818840566710275e-05	8.818840566710275e-05	0.6659516503994315	0.8647484251227446
PWY-7254: TCA cycle VII (acetate-producers)	0.0001784730769520638	0.0001606252307820291	-1.7847846170034683e-05	0.7029771150017945	0.8647484251227446
PWY-6749: CMP-legionaminate biosynthesis I	0.0	3.3945814503157365e-05	3.3945814503157365e-05	0.6659516503994315	0.8647484251227446
PWY-6731: starch degradation III	0.002932578737297483	0.0032486213520109097	0.00031604261471342675	0.7040429655866594	0.8647484251227446
GLYCOLYSIS-E-D: superpathway of glycolysis and the Entner-Doudoroff pathway	0.001898427713107363	0.0017305288521271137	-0.0001678988609802492	0.7040429655866594	0.8647484251227446
PWY-6435: 4-hydroxybenzoate biosynthesis III (plants)	1.8194912134403482e-05	0.0	-1.8194912134403482e-05	0.6848317430430517	0.8647484251227446
PWY-7315: dTDP-N-acetylthomosamine biosynthesis	0.0005022260477651982	0.0006022602980639719	0.00010003425029877372	0.7040429655866594	0.8647484251227446
PWY-5918: superpathway of heme b biosynthesis from glutamate	0.00022416218405859253	0.0002647516883893813	4.058950433078875e-05	0.7036180025698346	0.8647484251227446
RUMP-PWY: formaldehyde oxidation I	0.0	1.6310354684940802e-05	1.6310354684940802e-05	0.6775470900689693	0.8647484251227446
TCA-GLYOX-BYPASS: superpathway of glyoxylate bypass and TCA	0.00022238781896773672	0.0005550768517749138	0.00033268903280717706	0.7029771150017945	0.8647484251227446
THISYNARA-PWY: superpathway of thiamine diphosphate biosynthesis III (eukaryotes)	0.0037635644461890463	0.004029208826393977	0.0002656443802049307	0.7040429655866594	0.8647484251227446
PWY-622: starch biosynthesis	0.00013815910874005874	0.00016589901811249596	2.773990937243723e-05	0.6719563971110857	0.8647484251227446
PWY-6630: superpathway of L-tyrosine biosynthesis	0.0014915482734720235	0.0014923222487006013	7.739752285777172e-07	0.7040429655866594	0.8647484251227446
PWY-5088: L-glutamate degradation VIII (to propanoate)	0.0	0.0	0.0	0.7079083167876041	0.8647961059135055
PWY-6562: norspermidine biosynthesis	0.0	0.0	0.0	0.7079083167876041	0.8647961059135055
URSIN-PWY: ureide biosynthesis	0.0	0.0	0.0	0.7138944636164565	0.8674201547167697
DENITRIFICATION-PWY: nitrate reduction I (denitrification)	0.0	0.0	0.0	0.7138944636164565	0.8674201547167697
UBISYN-PWY: superpathway of ubiquinol-8 biosynthesis (early decarboxylation)	0.0	0.0	0.0	0.7214040105832589	0.8718572534321739
PWY-6708: ubiquinol-8 biosynthesis (early decarboxylation)	0.0	0.0	0.0	0.7214040105832589	0.8718572534321739
P125-PWY: superpathway of (R,R)-butanediol biosynthesis	0.0	0.0	0.0	0.7393983961110173	0.8912215334458128
HEME-BIOSYNTHESIS-II: heme b biosynthesis I (aerobic)	0.0002606269803644555	0.00022977337501350458	-3.085360535095091e-05	0.7612079858009609	0.8913627191244412
PANTOSYN-PWY: superpathway of coenzyme A biosynthesis I (bacteria)	0.008123894050201926	0.0076242820292582916	-0.000499612020943634	0.7612079858009609	0.8913627191244412
PWY-702: L-methionine biosynthesis II	0.001261511903834655	0.0012777631271695198	1.625122333486482e-05	0.7612079858009609	0.8913627191244412
PWY-5136: fatty acid &beta;-oxidation II (plant peroxisome)	0.0007116114840501054	0.0007918120532326078	8.020056918250245e-05	0.7612079858009609	0.8913627191244412
PWY-8004: Entner-Doudoroff pathway I	0.0016284501570739077	0.0014653381849443433	-0.00016311197212956442	0.7612079858009609	0.8913627191244412
PWY-5392: reductive TCA cycle II	1.9641524020268987e-05	2.4429495416979202e-05	4.787971396710215e-06	0.753542717035101	0.8913627191244412
PWY-7269: mitochondrial NADPH production (yeast)	3.555011945850555e-05	2.3445483525228642e-05	-1.2104635933276909e-05	0.7500238816077333	0.8913627191244412
PWY-7446: sulfoquinovose degradation I	2.8370630634396874e-05	0.0	-2.8370630634396874e-05	0.7454059056239056	0.8913627191244412
REDCITCYC: TCA cycle VI (Helicobacter)	0.0001222524864052541	7.743337202777985e-05	-4.481911437747424e-05	0.7603327816080111	0.8913627191244412
PWY-5384: sucrose degradation IV (sucrose phosphorylase)	0.0024523530317856032	0.0023555339948285662	-9.681903695703698e-05	0.7612079858009609	0.8913627191244412
PWY-5695: inosine 5'-phosphate degradation	0.009569388807134085	0.00927359426349543	-0.0002957945436386552	0.7612079858009609	0.8913627191244412
PWY-7094: fatty acid salvage	0.0	2.094392113080845e-05	2.094392113080845e-05	0.7763221932565069	0.9067122257156102
PWY-6478: GDP-D-glycero-&alpha;-D-manno-heptose biosynthesis	2.217766162316468e-05	1.6378450278221676e-05	-5.799211344943004e-06	0.7835275032683688	0.9127691532920172
PWY66-429: fatty acid biosynthesis initiation (mitochondria)	0.008173120215108373	0.009457630913099415	0.0012845106979910426	0.8197075378297883	0.9262695177476609
PWY-7039: phosphatidate metabolism, as a signaling molecule	0.0	0.0	0.0	0.8069051634868893	0.9262695177476609
PWY-821: superpathway of sulfur amino acid biosynthesis (Saccharomyces cerevisiae)	0.0003938855822003435	0.00045446886579431507	6.058328359397156e-05	0.8190376879405	0.9262695177476609
PWY-6285: superpathway of fatty acids biosynthesis (E. coli)	0.000601153654058382	0.0004022455485938078	-0.00019890810546457422	0.8190376879405	0.9262695177476609
PWY-7385: 1,3-propanediol biosynthesis (engineered)	6.144309712897166e-05	0.00014638602556853612	8.494292843956446e-05	0.8158572761536318	0.9262695177476609
P42-PWY: incomplete reductive TCA cycle	0.0004167747443335284	0.0003797097628210418	-3.706498151248664e-05	0.8197075378297883	0.9262695177476609
PWY-2942: L-lysine biosynthesis III	0.0072475775003161364	0.007422935784891839	0.00017535828457570287	0.8197075378297883	0.9262695177476609
PWY-7328: superpathway of UDP-glucose-derived O-antigen building blocks biosynthesis	0.001978681094666752	0.002080911710199586	0.00010223061553283437	0.8197075378297883	0.9262695177476609
PWY-7316: dTDP-N-acetylviosamine biosynthesis	4.042537853825605e-05	5.159527218861205e-05	1.1169893650356e-05	0.8173298469680519	0.9262695177476609
PWY-6922: L-N&delta;-acetylornithine biosynthesis	0.00010167757946839003	0.00011015312200584679	8.475542537456763e-06	0.8190376879405	0.9262695177476609
DTDPRHAMSYN-PWY: dTDP-&beta;-L-rhamnose biosynthesis	0.011475193323752408	0.012055791313777348	0.0005805979900249392	0.8197075378297883	0.9262695177476609
PWY-7456: &beta;-(1,4)-mannan degradation	0.00221007301628169	0.002021552902373908	-0.00018852011390778182	0.8197075378297883	0.9262695177476609
GOLPDLCAT-PWY: superpathway of glycerol degradation to 1,3-propanediol	0.0001770508547979784	0.00018421100907207053	7.160154274092124e-06	0.8792283946861903	0.9507445798998996
PWY-5723: Rubisco shunt	0.0002682684917529155	0.0005155715190706585	0.00024730302731774294	0.8790477722505494	0.9507445798998996
PWY-6572: chondroitin sulfate degradation I (bacterial)	0.00017323836810632172	0.00016591560778668528	-7.322760319636442e-06	0.8792283946861903	0.9507445798998996
PWY-5724: superpathway of atrazine degradation	0.0	0.0	0.0	0.8705077440684981	0.9507445798998996
PWY-5675: nitrate reduction V (assimilatory)	0.00010848988073524095	0.0001504367582168471	4.1946877481606156e-05	0.8783170929133386	0.9507445798998996
GLYCOLYSIS-TCA-GLYOX-BYPASS: superpathway of glycolysis, pyruvate dehydrogenase, TCA, and glyoxylate bypass	0.0	0.0	0.0	0.858494056303303	0.9507445798998996
PWY-801: homocysteine and cysteine interconversion	5.2256038964310764e-05	6.840392420155325e-05	1.6147885237242484e-05	0.8493046339638395	0.9507445798998996
PWY66-388: ceramide degradation by &alpha;-oxidation	0.0	0.0	0.0	0.8705077440684981	0.9507445798998996
PWY-7371: 1,4-dihydroxy-6-naphthoate biosynthesis II	0.0	0.0	0.0	0.8705077440684981	0.9507445798998996
PWY-6293: superpathway of L-cysteine biosynthesis (fungi)	8.62750671507681e-05	0.00011161827284551958	2.534320569475148e-05	0.8493046339638395	0.9507445798998996
PWY-4041: &gamma;-glutamyl cycle	0.001739759852318299	0.0016096622687081434	-0.00013009758361015567	0.8792283946861903	0.9507445798998996
PWY-7165: L-ascorbate biosynthesis VIII (engineered pathway)	0.0	0.0	0.0	0.8513992531274778	0.9507445798998996
PWY-5103: L-isoleucine biosynthesis III	0.006939297633601705	0.0073720983841815465	0.0004328007505798419	0.8792283946861903	0.9507445798998996
PWY-7196: superpathway of pyrimidine ribonucleosides salvage	8.104014220669966e-05	9.069895464287594e-05	9.658812436176285e-06	0.8752560954604184	0.9507445798998996
P23-PWY: reductive TCA cycle I	0.00010079283479927066	8.391181747968937e-05	-1.6881017319581292e-05	0.8787753126650376	0.9507445798998996
PRPP-PWY: superpathway of histidine, purine, and pyrimidine biosynthesis	0.000502255899509776	0.0004728752922904969	-2.9380607219279056e-05	0.8787753126650376	0.9507445798998996
PWY-7992: superpathway of menaquinol-8 biosynthesis III	0.0	0.0	0.0	0.8705077440684981	0.9507445798998996
PWY-6328: L-lysine degradation X	0.0	0.0	0.0	0.858494056303303	0.9507445798998996
P163-PWY: L-lysine fermentation to acetate and butanoate	0.0	0.0	0.0	0.8840585820512205	0.9536861076065671
PWY-7409: phospholipid remodeling (phosphatidylethanolamine, yeast)	0.0	0.0	0.0	0.8976532536680275	0.9660458825189249
PWY-7294: D-xylose degradation IV	0.0	0.0	0.0	0.9289660800833245	0.9784029576770019
PWY-5855: ubiquinol-7 biosynthesis (early decarboxylation)	2.7109690702265237e-05	3.198381362571616e-05	4.874122923450923e-06	0.9374360061215685	0.9784029576770019
PWY-1861: formaldehyde assimilation II (assimilatory RuMP Cycle)	0.00040602626552866945	0.0003389478099921728	-6.707845553649664e-05	0.9393489103178468	0.9784029576770019
PWY-7384: anaerobic energy metabolism (invertebrates, mitochondrial)	0.0	0.0	0.0	0.9253739316177031	0.9784029576770019
P108-PWY: pyruvate fermentation to propanoate I	0.00025101606300294375	0.00013709949083972462	-0.00011391657216321913	0.9393489103178468	0.9784029576770019
PWY66-367: ketogenesis	0.0	0.0	0.0	0.9204641847479554	0.9784029576770019
PWY0-1337: oleate &beta;-oxidation	0.0	0.0	0.0	0.9337223037387656	0.9784029576770019
PWY0-1477: ethanolamine utilization	0.0011076459849015269	0.0013751275850908476	0.00026748160018932074	0.9394400080349974	0.9784029576770019
P122-PWY: heterolactic fermentation	0.00010706245321378746	0.0	-0.00010706245321378746	0.9353021955094644	0.9784029576770019
PWY-6897: thiamine diphosphate salvage II	0.0056986277453540315	0.005601946548911804	-9.668119644222744e-05	0.9394400080349974	0.9784029576770019
PWY-6895: superpathway of thiamine diphosphate biosynthesis II	0.0024141320374604642	0.002168036749765053	-0.0002460952876954113	0.9394400080349974	0.9784029576770019
PWY-8131: 5'-deoxyadenosine degradation II	0.00014408316186122363	0.00018014646275398103	3.60633008927574e-05	0.9394400080349974	0.9784029576770019
PWY-6549: L-glutamine biosynthesis III	0.0006539932434147977	0.0005082170191390224	-0.00014577622427577527	0.9394400080349974	0.9784029576770019
PWY-8086: (S)-lactate fermentation to propanoate, acetate and hydrogen	1.726876880118927e-05	0.0	-1.726876880118927e-05	0.9337223037387656	0.9784029576770019
PWY-6215: 4-chlorobenzoate degradation	0.0	0.0	0.0	0.956665986740445	0.9917729954281678
P621-PWY: nylon-6 oligomer degradation	0.0	0.0	0.0	0.956665986740445	0.9917729954281678
PWY0-461: L-lysine degradation I	0.0	0.0	0.0	0.9658007981434166	0.9985530916123484
3-HYDROXYPHENYLACETATE-DEGRADATION-PWY: 4-hydroxyphenylacetate degradation	0.0	1.0045375667667362e-05	1.0045375667667362e-05	0.967624456031435	0.9985530916123484
DENOVOPURINE2-PWY: superpathway of purine nucleotides de novo biosynthesis II	0.000498812500862007	0.0003241846232220665	-0.0001746278776399405	1.0	1.0
PWY-7389: superpathway of anaerobic energy metabolism (invertebrates)	0.0	0.0	0.0	1.0	1.0
PWY-7187: pyrimidine deoxyribonucleotides de novo biosynthesis II	0.00018168491293904765	0.00013690628550431703	-4.477862743473062e-05	1.0	1.0
PWY-5705: allantoin degradation to glyoxylate III	2.0376200663280188e-05	2.8675288373213234e-05	8.299087709933046e-06	1.0	1.0
PWY-7873: D-erythronate degradation II	0.0	0.0	0.0	1.0	1.0
PWY-7858: (5Z)-dodecenoate biosynthesis II	0.00018822064258413134	0.0001797262037654013	-8.494438818730055e-06	1.0	1.0
PWY-5130: 2-oxobutanoate degradation I	0.0005314504662690948	0.000597745080701958	6.629461443286326e-05	1.0	1.0
GLUCOSE1PMETAB-PWY: glucose and glucose-1-phosphate degradation	0.002602358695774048	0.002349641764578471	-0.0002527169311955773	1.0	1.0
PWY-6920: 6-gingerol analog biosynthesis (engineered)	0.0	0.0	0.0	1.0	1.0
PWY-6628: superpathway of L-phenylalanine biosynthesis	0.0027590877779079563	0.002991011810341874	0.00023192403243391764	1.0	1.0
FERMENTATION-PWY: mixed acid fermentation	0.0019046499664457368	0.0019157850452689593	1.113507882322248e-05	1.0	1.0
PWY-5690: TCA cycle II (plants and fungi)	0.0	0.0	0.0	1.0	1.0
CARNMET-PWY: L-carnitine degradation I	0.0	0.0	0.0	1.0	1.0
PWY-5188: tetrapyrrole biosynthesis I (from glutamate)	0.002064960371425056	0.002347420449848139	0.00028246007842308313	1.0	1.0
